1	130236	130236	0	514	514	0	2917	0
2	130238	130238	0	227	227	0	1104	0
3	130240	130240	0	259	259	0	1355	0
4	130242	130242	0	144	144	0	587	0
5	130244	130244	0	105	105	0	517	0
6	130246	130246	0	98	98	0	391	0
7	130248	130248	0	84	84	0	312	0
8	130250	130250	0	79	79	0	358	0
9	130252	130252	0	73	73	0	282	0
10	130254	130254	0	58	58	0	227	0
11	130256	130256	0	49	49	0	177	0
12	130258	130258	0	46	46	0	172	0
13	130260	130260	0	43	43	0	156	0
14	130262	130262	0	514	514	0	2922	0
15	130264	130264	0	227	227	0	1103	0
16	130266	130266	0	259	259	0	1351	0
17	130268	130268	0	144	144	0	582	0
18	130270	130270	0	105	105	0	513	0
19	130272	130272	0	98	98	0	390	0
20	130274	130274	0	84	84	0	312	0
21	130276	130276	0	79	79	0	360	0
22	130278	130278	0	73	73	0	282	0
23	130280	130280	0	58	58	0	227	0
24	130282	130282	0	49	49	0	174	0
25	130284	130284	0	46	46	0	177	0
26	130286	130286	0	43	43	0	159	0
27	130236	130238	0	97	82	0	247	0
28	130238	130236	0	82	97	0	247	0
29	130236	130240	0	65	61	0	164	0
30	130240	130236	0	61	65	0	164	0
31	130236	130242	0	39	32	0	78	0
32	130242	130236	0	32	39	0	78	0
33	130236	130246	0	27	33	0	88	0
34	130246	130236	0	33	27	0	88	0
35	130236	130248	0	10	10	0	24	0
36	130248	130236	0	10	10	0	24	0
37	130236	130250	0	7	3	0	8	0
38	130250	130236	0	3	7	0	8	0
39	130236	130252	0	2	2	0	3	0
40	130252	130236	0	2	2	0	3	0
41	130236	130254	0	6	6	0	11	0
42	130254	130236	0	6	6	0	11	0
43	130236	130256	0	11	8	0	20	0
44	130256	130236	0	8	11	0	20	0
45	130236	130258	0	46	33	0	100	0
46	130258	130236	0	33	46	0	100	0
47	130236	130260	0	27	21	0	68	0
48	130260	130236	0	21	27	0	68	0
49	130236	130274	0	21	15	0	50	0
50	130274	130236	0	15	21	0	50	0
51	130238	130240	0	1	1	0	1	0
52	130240	130238	0	1	1	0	1	0
53	130238	130242	0	23	20	0	53	0
54	130242	130238	0	20	23	0	53	0
55	130238	130244	0	6	10	0	21	0
56	130244	130238	0	10	6	0	21	0
57	130238	130250	0	25	22	0	74	0
58	130250	130238	0	22	25	0	74	0
59	130238	130252	0	41	31	0	92	0
60	130252	130238	0	31	41	0	92	0
61	130238	130256	0	4	5	0	9	0
62	130256	130238	0	5	4	0	9	0
63	130238	130274	0	1	1	0	1	0
64	130274	130238	0	1	1	0	1	0
65	130240	130246	0	29	21	0	68	0
66	130246	130240	0	21	29	0	68	0
67	130240	130248	0	44	42	0	105	0
68	130248	130240	0	42	44	0	105	0
69	130240	130250	0	7	6	0	14	0
70	130250	130240	0	6	7	0	14	0
71	130240	130254	0	36	31	0	90	0
72	130254	130240	0	31	36	0	90	0
73	130240	130258	0	1	1	0	1	0
74	130258	130240	0	1	1	0	1	0
75	130240	130274	0	3	4	0	5	0
76	130274	130240	0	4	3	0	5	0
77	130242	130244	0	35	32	0	94	0
78	130244	130242	0	32	35	0	94	0
79	130242	130246	0	4	3	0	6	0
80	130246	130242	0	3	4	0	6	0
81	130242	130252	0	7	11	0	18	0
82	130252	130242	0	11	7	0	18	0
83	130242	130256	0	35	31	0	86	0
84	130256	130242	0	31	35	0	86	0
85	130242	130260	0	7	8	0	14	0
86	130260	130242	0	8	7	0	14	0
87	130244	130246	0	4	6	0	9	0
88	130246	130244	0	6	4	0	9	0
89	130244	130252	0	18	13	0	38	0
90	130252	130244	0	13	18	0	38	0
91	130246	130248	0	1	2	0	2	0
92	130248	130246	0	2	1	0	2	0
93	130246	130254	0	5	4	0	8	0
94	130254	130246	0	4	5	0	8	0
95	130246	130272	0	4	4	0	6	0
96	130272	130246	0	4	4	0	6	0
97	130246	130274	0	1	1	0	1	0
98	130274	130246	0	1	1	0	1	0
99	130248	130250	0	5	6	0	11	0
100	130250	130248	0	6	5	0	11	0
101	130248	130266	0	4	4	0	6	0
102	130266	130248	0	4	4	0	6	0
103	130248	130272	0	1	1	0	1	0
104	130272	130248	0	1	1	0	1	0
105	130250	130276	0	11	12	0	24	0
106	130276	130250	0	12	11	0	24	0
107	130252	130256	0	5	2	0	7	0
108	130256	130252	0	2	5	0	7	0
109	130254	130258	0	5	3	0	8	0
110	130258	130254	0	3	5	0	8	0
111	130258	130260	0	14	22	0	39	0
112	130260	130258	0	22	14	0	39	0
113	130264	130266	0	1	1	0	1	0
114	130266	130264	0	1	1	0	1	0
115	130264	130276	0	25	22	0	75	0
116	130276	130264	0	22	25	0	75	0
117	130266	130272	0	30	22	0	72	0
118	130272	130266	0	22	30	0	72	0
119	130266	130274	0	45	42	0	104	0
120	130274	130266	0	42	45	0	104	0
121	130266	130276	0	7	7	0	15	0
122	130276	130266	0	7	7	0	15	0
123	130266	130280	0	35	32	0	91	0
124	130280	130266	0	32	35	0	91	0
125	130272	130274	0	1	2	0	2	0
126	130274	130272	0	2	1	0	2	0
127	130272	130280	0	5	4	0	8	0
128	130280	130272	0	4	5	0	8	0
129	130274	130276	0	5	6	0	11	0
130	130276	130274	0	6	5	0	11	0
131	130248	130262	0	15	20	0	47	0
132	130262	130248	0	20	15	0	47	0
133	130264	130262	0	82	96	0	251	0
134	130262	130264	0	96	82	0	251	0
135	130264	130268	0	24	20	0	55	0
136	130268	130264	0	20	24	0	55	0
137	130264	130270	0	6	10	0	21	0
138	130270	130264	0	10	6	0	21	0
139	130264	130278	0	40	31	0	91	0
140	130278	130264	0	31	40	0	91	0
141	130264	130282	0	4	5	0	9	0
142	130282	130264	0	5	4	0	9	0
143	130266	130262	0	60	65	0	160	0
144	130262	130266	0	65	60	0	160	0
145	130266	130284	0	1	1	0	1	0
146	130284	130266	0	1	1	0	1	0
147	130272	130262	0	34	26	0	88	0
148	130262	130272	0	26	34	0	88	0
149	130272	130268	0	3	4	0	6	0
150	130268	130272	0	4	3	0	6	0
151	130272	130270	0	6	4	0	9	0
152	130270	130272	0	4	6	0	9	0
153	130274	130262	0	9	10	0	22	0
154	130262	130274	0	10	9	0	22	0
155	130276	130262	0	3	7	0	8	0
156	130262	130276	0	7	3	0	8	0
157	130280	130262	0	7	7	0	12	0
158	130262	130280	0	7	7	0	12	0
159	130280	130284	0	5	3	0	8	0
160	130284	130280	0	3	5	0	8	0
161	130262	130268	0	39	32	0	78	0
162	130268	130262	0	32	39	0	78	0
163	130262	130278	0	2	2	0	3	0
164	130278	130262	0	2	2	0	3	0
165	130262	130282	0	10	8	0	19	0
166	130282	130262	0	8	10	0	19	0
167	130262	130284	0	47	32	0	101	0
168	130284	130262	0	32	47	0	101	0
169	130262	130286	0	28	21	0	68	0
170	130286	130262	0	21	28	0	68	0
171	130268	130270	0	34	32	0	95	0
172	130270	130268	0	32	34	0	95	0
173	130268	130278	0	7	11	0	18	0
174	130278	130268	0	11	7	0	18	0
175	130268	130282	0	35	31	0	87	0
176	130282	130268	0	31	35	0	87	0
177	130268	130286	0	8	8	0	15	0
178	130286	130268	0	8	8	0	15	0
179	130270	130278	0	19	13	0	38	0
180	130278	130270	0	13	19	0	38	0
181	130278	130282	0	6	2	0	8	0
182	130282	130278	0	2	6	0	8	0
183	130284	130286	0	14	21	0	36	0
184	130286	130284	0	21	14	0	36	0
