1	2568	2568	0	335	335	0	1634	0
2	2570	2570	0	485	485	0	2465	0
3	2572	2572	0	447	447	0	2227	0
4	2574	2574	0	340	340	0	1678	0
5	2576	2576	0	82	82	0	304	0
6	2578	2578	0	35	35	0	124	0
7	2580	2580	0	64	64	0	213	0
8	2582	2582	0	35	35	0	130	0
9	2584	2584	0	34	34	0	127	0
10	2586	2586	0	36	36	0	133	0
11	2588	2588	0	37	37	0	125	0
12	2590	2590	0	36	36	0	137	0
13	2592	2592	0	242	242	0	1169	0
14	2594	2594	0	30	30	0	105	0
15	2596	2596	0	98	98	0	457	0
16	2598	2598	0	137	137	0	661	0
17	2600	2600	0	34	34	0	135	0
18	2602	2602	0	28	28	0	105	0
19	2604	2604	0	24	24	0	85	0
20	2606	2606	0	62	62	0	284	0
21	2608	2608	0	335	335	0	1634	0
22	2610	2610	0	485	485	0	2466	0
23	2612	2612	0	447	447	0	2228	0
24	2614	2614	0	340	340	0	1677	0
25	2616	2616	0	82	82	0	301	0
26	2618	2618	0	35	35	0	123	0
27	2620	2620	0	64	64	0	214	0
28	2622	2622	0	35	35	0	130	0
29	2624	2624	0	34	34	0	132	0
30	2626	2626	0	36	36	0	135	0
31	2628	2628	0	37	37	0	127	0
32	2630	2630	0	36	36	0	137	0
33	2632	2632	0	242	242	0	1173	0
34	2634	2634	0	30	30	0	104	0
35	2636	2636	0	98	98	0	452	0
36	2638	2638	0	137	137	0	675	0
37	2640	2640	0	34	34	0	135	0
38	2642	2642	0	28	28	0	105	0
39	2644	2644	0	24	24	0	87	0
40	2646	2646	0	62	62	0	277	0
41	2612	2646	0	8	13	0	19	0
42	2646	2612	0	13	8	0	19	0
43	2612	2632	0	33	37	0	101	0
44	2632	2612	0	37	33	0	101	0
45	2612	2636	0	13	12	0	28	0
46	2636	2612	0	12	13	0	28	0
47	2612	2622	0	11	9	0	25	0
48	2622	2612	0	9	11	0	25	0
49	2612	2624	0	1	1	0	1	0
50	2624	2612	0	1	1	0	1	0
51	2612	2626	0	19	15	0	42	0
52	2626	2612	0	15	19	0	42	0
53	2646	2626	0	7	5	0	10	0
54	2626	2646	0	5	7	0	10	0
55	2646	2642	0	8	9	0	21	0
56	2642	2646	0	9	8	0	21	0
57	2612	2608	0	74	82	0	207	0
58	2608	2612	0	82	74	0	207	0
59	2612	2614	0	20	23	0	48	0
60	2614	2612	0	23	20	0	48	0
61	2612	2638	0	25	21	0	56	0
62	2638	2612	0	21	25	0	56	0
63	2612	2634	0	3	5	0	6	0
64	2634	2612	0	5	3	0	6	0
65	2632	2636	0	12	12	0	27	0
66	2636	2632	0	12	12	0	27	0
67	2632	2570	0	10	19	0	32	0
68	2570	2632	0	19	10	0	32	0
69	2632	2608	0	17	17	0	35	0
70	2608	2632	0	17	17	0	35	0
71	2632	2610	0	17	22	0	49	0
72	2610	2632	0	22	17	0	49	0
73	2632	2614	0	17	17	0	44	0
74	2614	2632	0	17	17	0	44	0
75	2636	2608	0	2	3	0	4	0
76	2608	2636	0	3	2	0	4	0
77	2636	2610	0	12	10	0	21	0
78	2610	2636	0	10	12	0	21	0
79	2636	2614	0	4	4	0	6	0
80	2614	2636	0	4	4	0	6	0
81	2636	2638	0	12	17	0	32	0
82	2638	2636	0	17	12	0	32	0
83	2622	2608	0	21	21	0	48	0
84	2608	2622	0	21	21	0	48	0
85	2570	2576	0	2	2	0	4	0
86	2576	2570	0	2	2	0	4	0
87	2570	2580	0	52	42	0	128	0
88	2580	2570	0	42	52	0	128	0
89	2576	2604	0	11	12	0	24	0
90	2604	2576	0	12	11	0	24	0
91	2580	2600	0	9	6	0	16	0
92	2600	2580	0	6	9	0	16	0
93	2570	2608	0	1	1	0	1	0
94	2608	2570	0	1	1	0	1	0
95	2570	2568	0	14	18	0	37	0
96	2568	2570	0	18	14	0	37	0
97	2570	2574	0	64	67	0	171	0
98	2574	2570	0	67	64	0	171	0
99	2570	2588	0	14	14	0	29	0
100	2588	2570	0	14	14	0	29	0
101	2570	2590	0	3	4	0	4	0
102	2590	2570	0	4	3	0	4	0
103	2570	2592	0	24	17	0	51	0
104	2592	2570	0	17	24	0	51	0
105	2570	2596	0	11	11	0	22	0
106	2596	2570	0	11	11	0	22	0
107	2570	2634	0	3	1	0	3	0
108	2634	2570	0	1	3	0	3	0
109	2576	2568	0	12	11	0	23	0
110	2568	2576	0	11	12	0	23	0
111	2576	2574	0	32	31	0	83	0
112	2574	2576	0	31	32	0	83	0
113	2576	2578	0	17	20	0	41	0
114	2578	2576	0	20	17	0	41	0
115	2576	2584	0	8	9	0	18	0
116	2584	2576	0	9	8	0	18	0
117	2576	2598	0	8	9	0	15	0
118	2598	2576	0	9	8	0	15	0
119	2580	2574	0	5	11	0	18	0
120	2574	2580	0	11	5	0	18	0
121	2580	2588	0	1	1	0	1	0
122	2588	2580	0	1	1	0	1	0
123	2600	2574	0	12	8	0	20	0
124	2574	2600	0	8	12	0	20	0
125	2604	2578	0	1	2	0	2	0
126	2578	2604	0	2	1	0	2	0
127	2616	2618	0	19	21	0	43	0
128	2618	2616	0	21	19	0	43	0
129	2616	2624	0	8	9	0	18	0
130	2624	2616	0	9	8	0	18	0
131	2616	2644	0	12	12	0	26	0
132	2644	2616	0	12	12	0	26	0
133	2618	2624	0	8	9	0	19	0
134	2624	2618	0	9	8	0	19	0
135	2618	2644	0	2	1	0	2	0
136	2644	2618	0	1	2	0	2	0
137	2624	2626	0	2	3	0	4	0
138	2626	2624	0	3	2	0	4	0
139	2624	2642	0	4	5	0	8	0
140	2642	2624	0	5	4	0	8	0
141	2626	2642	0	11	10	0	20	0
142	2642	2626	0	10	11	0	20	0
143	2616	2608	0	15	11	0	26	0
144	2608	2616	0	11	15	0	26	0
145	2616	2610	0	2	2	0	4	0
146	2610	2616	0	2	2	0	4	0
147	2616	2614	0	32	30	0	85	0
148	2614	2616	0	30	32	0	85	0
149	2616	2638	0	8	9	0	16	0
150	2638	2616	0	9	8	0	16	0
151	2618	2608	0	1	3	0	3	0
152	2608	2618	0	3	1	0	3	0
153	2618	2614	0	12	12	0	23	0
154	2614	2618	0	12	12	0	23	0
155	2618	2638	0	1	3	0	3	0
156	2638	2618	0	3	1	0	3	0
157	2624	2608	0	5	3	0	10	0
158	2608	2624	0	3	5	0	10	0
159	2624	2614	0	2	4	0	6	0
160	2614	2624	0	4	2	0	6	0
161	2624	2638	0	1	2	0	2	0
162	2638	2624	0	2	1	0	2	0
163	2608	2610	0	16	13	0	35	0
164	2610	2608	0	13	16	0	35	0
165	2608	2614	0	130	125	0	379	0
166	2614	2608	0	125	130	0	379	0
167	2608	2638	0	15	12	0	28	0
168	2638	2608	0	12	15	0	28	0
169	2610	2614	0	63	66	0	163	0
170	2614	2610	0	66	63	0	163	0
171	2614	2638	0	6	5	0	11	0
172	2638	2614	0	5	6	0	11	0
173	2614	2640	0	9	12	0	20	0
174	2640	2614	0	12	9	0	20	0
175	2608	2628	0	4	6	0	8	0
176	2628	2608	0	6	4	0	8	0
177	2608	2630	0	3	1	0	3	0
178	2630	2608	0	1	3	0	3	0
179	2608	2634	0	14	13	0	27	0
180	2634	2608	0	13	14	0	27	0
181	2610	2568	0	1	1	0	1	0
182	2568	2610	0	1	1	0	1	0
183	2610	2592	0	18	10	0	31	0
184	2592	2610	0	10	18	0	31	0
185	2610	2594	0	3	1	0	3	0
186	2594	2610	0	1	3	0	3	0
187	2610	2620	0	51	41	0	123	0
188	2620	2610	0	41	51	0	123	0
189	2610	2628	0	14	14	0	29	0
190	2628	2610	0	14	14	0	29	0
191	2610	2630	0	3	4	0	4	0
192	2630	2610	0	4	3	0	4	0
193	2614	2620	0	9	6	0	16	0
194	2620	2614	0	6	9	0	16	0
195	2614	2628	0	12	8	0	20	0
196	2628	2614	0	8	12	0	20	0
197	2614	2630	0	6	3	0	9	0
198	2630	2614	0	3	6	0	9	0
199	2614	2634	0	8	6	0	10	0
200	2634	2614	0	6	8	0	10	0
201	2640	2620	0	6	9	0	18	0
202	2620	2640	0	9	6	0	18	0
203	2568	2572	0	81	75	0	203	0
204	2572	2568	0	75	81	0	203	0
205	2568	2574	0	125	126	0	364	0
206	2574	2568	0	126	125	0	364	0
207	2568	2578	0	3	1	0	3	0
208	2578	2568	0	1	3	0	3	0
209	2568	2582	0	22	22	0	49	0
210	2582	2568	0	22	22	0	49	0
211	2568	2584	0	3	5	0	10	0
212	2584	2568	0	5	3	0	10	0
213	2568	2588	0	5	6	0	9	0
214	2588	2568	0	6	5	0	9	0
215	2568	2590	0	2	1	0	2	0
216	2590	2568	0	1	2	0	2	0
217	2568	2592	0	18	18	0	40	0
218	2592	2568	0	18	18	0	40	0
219	2568	2594	0	15	12	0	27	0
220	2594	2568	0	12	15	0	27	0
221	2568	2596	0	3	2	0	4	0
222	2596	2568	0	2	3	0	4	0
223	2568	2598	0	14	12	0	27	0
224	2598	2568	0	12	14	0	27	0
225	2572	2574	0	19	23	0	49	0
226	2574	2572	0	23	19	0	49	0
227	2572	2582	0	10	9	0	21	0
228	2582	2572	0	9	10	0	21	0
229	2572	2584	0	1	1	0	1	0
230	2584	2572	0	1	1	0	1	0
231	2572	2586	0	18	14	0	41	0
232	2586	2572	0	14	18	0	41	0
233	2572	2592	0	33	37	0	99	0
234	2592	2572	0	37	33	0	99	0
235	2572	2594	0	2	5	0	6	0
236	2594	2572	0	5	2	0	6	0
237	2572	2596	0	12	12	0	29	0
238	2596	2572	0	12	12	0	29	0
239	2572	2598	0	27	22	0	62	0
240	2598	2572	0	22	27	0	62	0
241	2572	2606	0	8	12	0	17	0
242	2606	2572	0	12	8	0	17	0
243	2574	2578	0	13	12	0	24	0
244	2578	2574	0	12	13	0	24	0
245	2574	2584	0	4	2	0	5	0
246	2584	2574	0	2	4	0	5	0
247	2574	2588	0	13	8	0	21	0
248	2588	2574	0	8	13	0	21	0
249	2574	2590	0	6	3	0	8	0
250	2590	2574	0	3	6	0	8	0
251	2574	2592	0	18	18	0	47	0
252	2592	2574	0	18	18	0	47	0
253	2574	2594	0	6	5	0	9	0
254	2594	2574	0	5	6	0	9	0
255	2574	2596	0	5	4	0	8	0
256	2596	2574	0	4	5	0	8	0
257	2574	2598	0	6	3	0	8	0
258	2598	2574	0	3	6	0	8	0
259	2578	2584	0	9	10	0	21	0
260	2584	2578	0	10	9	0	21	0
261	2578	2598	0	1	3	0	3	0
262	2598	2578	0	3	1	0	3	0
263	2584	2586	0	2	3	0	4	0
264	2586	2584	0	3	2	0	4	0
265	2584	2598	0	2	2	0	3	0
266	2598	2584	0	2	2	0	3	0
267	2584	2602	0	4	5	0	9	0
268	2602	2584	0	5	4	0	9	0
269	2586	2602	0	9	8	0	17	0
270	2602	2586	0	8	9	0	17	0
271	2586	2606	0	5	7	0	10	0
272	2606	2586	0	7	5	0	10	0
273	2588	2590	0	17	18	0	42	0
274	2590	2588	0	18	17	0	42	0
275	2588	2594	0	13	15	0	29	0
276	2594	2588	0	15	13	0	29	0
277	2588	2630	0	3	4	0	7	0
278	2630	2588	0	4	3	0	7	0
279	2590	2594	0	5	5	0	8	0
280	2594	2590	0	5	5	0	8	0
281	2590	2628	0	4	3	0	7	0
282	2628	2590	0	3	4	0	7	0
283	2590	2630	0	16	18	0	36	0
284	2630	2590	0	18	16	0	36	0
285	2592	2596	0	14	13	0	29	0
286	2596	2592	0	13	14	0	29	0
287	2596	2598	0	13	16	0	32	0
288	2598	2596	0	16	13	0	32	0
289	2602	2606	0	10	8	0	22	0
290	2606	2602	0	8	10	0	22	0
291	2620	2628	0	1	1	0	1	0
292	2628	2620	0	1	1	0	1	0
293	2628	2630	0	17	19	0	42	0
294	2630	2628	0	19	17	0	42	0
295	2628	2634	0	13	15	0	30	0
296	2634	2628	0	15	13	0	30	0
297	2630	2634	0	5	4	0	8	0
298	2634	2630	0	4	5	0	8	0
