1	71266	71266	0	101	101	0	448	0
2	71355	71355	0	90	90	0	395	0
3	71444	71444	0	93	93	0	408	0
4	71533	71533	0	78	78	0	338	0
5	71622	71622	0	101	101	0	448	0
6	71711	71711	0	90	90	0	395	0
7	71800	71800	0	93	93	0	408	0
8	71889	71889	0	78	78	0	338	0
9	71266	71355	0	57	58	0	171	0
10	71355	71266	0	58	57	0	171	0
11	71266	71444	0	3	3	0	3	0
12	71444	71266	0	3	3	0	3	0
13	71355	71533	0	11	9	0	21	0
14	71533	71355	0	9	11	0	21	0
15	71266	71800	0	15	16	0	35	0
16	71800	71266	0	16	15	0	35	0
17	71266	71889	0	9	10	0	18	0
18	71889	71266	0	10	9	0	18	0
19	71355	71889	0	10	8	0	21	0
20	71889	71355	0	8	10	0	21	0
21	71266	71622	0	4	4	0	7	0
22	71622	71266	0	4	4	0	7	0
23	71266	71711	0	3	2	0	4	0
24	71711	71266	0	2	3	0	4	0
25	71355	71622	0	2	3	0	4	0
26	71622	71355	0	3	2	0	4	0
27	71444	71533	0	58	48	0	157	0
28	71533	71444	0	48	58	0	157	0
29	71444	71800	0	14	14	0	34	0
30	71800	71444	0	14	14	0	34	0
31	71444	71622	0	16	15	0	35	0
32	71622	71444	0	15	16	0	35	0
33	71533	71622	0	10	9	0	18	0
34	71622	71533	0	9	10	0	18	0
35	71533	71711	0	8	10	0	21	0
36	71711	71533	0	10	8	0	21	0
37	71800	71889	0	58	48	0	157	0
38	71889	71800	0	48	58	0	157	0
39	71800	71622	0	3	3	0	3	0
40	71622	71800	0	3	3	0	3	0
41	71889	71711	0	9	11	0	21	0
42	71711	71889	0	11	9	0	21	0
43	71622	71711	0	57	58	0	171	0
44	71711	71622	0	58	57	0	171	0
45	71269	71893	0	2	1	0	2	0
46	71893	71269	0	1	2	0	2	0
47	71358	71893	0	1	1	0	1	0
48	71893	71358	0	1	1	0	1	0
49	71358	71715	0	11	11	0	19	0
50	71715	71358	0	11	11	0	19	0
51	71536	71626	0	1	2	0	2	0
52	71626	71536	0	2	1	0	2	0
53	71536	71715	0	1	1	0	1	0
54	71715	71536	0	1	1	0	1	0
55	71537	71627	0	1	2	0	2	0
56	71627	71537	0	2	1	0	2	0
57	71537	71716	0	1	1	0	1	0
58	71716	71537	0	1	1	0	1	0
59	71270	71894	0	2	1	0	2	0
60	71894	71270	0	1	2	0	2	0
61	71359	71894	0	1	1	0	1	0
62	71894	71359	0	1	1	0	1	0
63	71359	71716	0	11	11	0	19	0
64	71716	71359	0	11	11	0	19	0
65	71626	71815	0	4	7	0	10	0
66	71815	71626	0	7	4	0	10	0
67	71448	71281	0	7	4	0	10	0
68	71281	71448	0	4	7	0	10	0
69	71626	71370	0	1	1	0	1	0
70	71370	71626	0	1	1	0	1	0
71	71715	71281	0	1	1	0	1	0
72	71281	71715	0	1	1	0	1	0
73	71715	71370	0	1	1	0	1	0
74	71370	71715	0	1	1	0	1	0
75	71449	71282	0	7	4	0	10	0
76	71282	71449	0	4	7	0	10	0
77	71627	71371	0	1	1	0	1	0
78	71371	71627	0	1	1	0	1	0
79	71627	71816	0	4	7	0	10	0
80	71816	71627	0	7	4	0	10	0
81	71716	71282	0	1	1	0	1	0
82	71282	71716	0	1	1	0	1	0
83	71716	71371	0	1	1	0	1	0
84	71371	71716	0	1	1	0	1	0
85	71892	71268	0	1	2	0	2	0
86	71268	71892	0	2	1	0	2	0
87	71892	71357	0	1	1	0	1	0
88	71357	71892	0	1	1	0	1	0
89	71714	71357	0	11	11	0	19	0
90	71357	71714	0	11	11	0	19	0
91	71625	71535	0	2	1	0	2	0
92	71535	71625	0	1	2	0	2	0
93	71714	71535	0	1	1	0	1	0
94	71535	71714	0	1	1	0	1	0
95	71447	71280	0	7	4	0	10	0
96	71280	71447	0	4	7	0	10	0
97	71625	71369	0	1	1	0	1	0
98	71369	71625	0	1	1	0	1	0
99	71714	71280	0	1	1	0	1	0
100	71280	71714	0	1	1	0	1	0
101	71714	71369	0	1	1	0	1	0
102	71369	71714	0	1	1	0	1	0
103	71625	71814	0	4	7	0	10	0
104	71814	71625	0	7	4	0	10	0
105	71271	71895	0	2	1	0	2	0
106	71895	71271	0	1	2	0	2	0
107	71360	71895	0	1	1	0	1	0
108	71895	71360	0	1	1	0	1	0
109	71360	71717	0	11	11	0	19	0
110	71717	71360	0	11	11	0	19	0
111	71538	71628	0	1	2	0	2	0
112	71628	71538	0	2	1	0	2	0
113	71538	71717	0	1	1	0	1	0
114	71717	71538	0	1	1	0	1	0
115	71548	71638	0	1	2	0	2	0
116	71638	71548	0	2	1	0	2	0
117	71548	71727	0	1	1	0	1	0
118	71727	71548	0	1	1	0	1	0
119	71281	71905	0	2	1	0	2	0
120	71905	71281	0	1	2	0	2	0
121	71370	71905	0	1	1	0	1	0
122	71905	71370	0	1	1	0	1	0
123	71370	71727	0	11	11	0	19	0
124	71727	71370	0	11	11	0	19	0
125	71459	71292	0	7	4	0	10	0
126	71292	71459	0	4	7	0	10	0
127	71637	71826	0	4	7	0	10	0
128	71826	71637	0	7	4	0	10	0
129	71726	71292	0	1	1	0	1	0
130	71292	71726	0	1	1	0	1	0
131	71637	71381	0	1	1	0	1	0
132	71381	71637	0	1	1	0	1	0
133	71726	71381	0	1	1	0	1	0
134	71381	71726	0	1	1	0	1	0
135	71460	71293	0	7	4	0	10	0
136	71293	71460	0	4	7	0	10	0
137	71638	71382	0	1	1	0	1	0
138	71382	71638	0	1	1	0	1	0
139	71638	71827	0	4	7	0	10	0
140	71827	71638	0	7	4	0	10	0
141	71727	71293	0	1	1	0	1	0
142	71293	71727	0	1	1	0	1	0
143	71727	71382	0	1	1	0	1	0
144	71382	71727	0	1	1	0	1	0
145	71292	71916	0	2	1	0	2	0
146	71916	71292	0	1	2	0	2	0
147	71559	71649	0	1	2	0	2	0
148	71649	71559	0	2	1	0	2	0
149	71559	71738	0	1	1	0	1	0
150	71738	71559	0	1	1	0	1	0
151	71381	71916	0	1	1	0	1	0
152	71916	71381	0	1	1	0	1	0
153	71381	71738	0	11	11	0	19	0
154	71738	71381	0	11	11	0	19	0
155	71293	71917	0	2	1	0	2	0
156	71917	71293	0	1	2	0	2	0
157	71382	71739	0	11	11	0	19	0
158	71739	71382	0	11	11	0	19	0
159	71382	71917	0	1	1	0	1	0
160	71917	71382	0	1	1	0	1	0
161	71560	71650	0	1	2	0	2	0
162	71650	71560	0	2	1	0	2	0
163	71560	71739	0	1	1	0	1	0
164	71739	71560	0	1	1	0	1	0
165	71470	71303	0	7	4	0	10	0
166	71303	71470	0	4	7	0	10	0
167	71648	71392	0	1	1	0	1	0
168	71392	71648	0	1	1	0	1	0
169	71648	71837	0	4	7	0	10	0
170	71837	71648	0	7	4	0	10	0
171	71737	71303	0	1	1	0	1	0
172	71303	71737	0	1	1	0	1	0
173	71737	71392	0	1	1	0	1	0
174	71392	71737	0	1	1	0	1	0
175	71471	71304	0	7	4	0	10	0
176	71304	71471	0	4	7	0	10	0
177	71649	71838	0	4	7	0	10	0
178	71838	71649	0	7	4	0	10	0
179	71738	71304	0	1	1	0	1	0
180	71304	71738	0	1	1	0	1	0
181	71649	71393	0	1	1	0	1	0
182	71393	71649	0	1	1	0	1	0
183	71738	71393	0	1	1	0	1	0
184	71393	71738	0	1	1	0	1	0
185	71650	71839	0	4	7	0	10	0
186	71839	71650	0	7	4	0	10	0
187	71739	71305	0	1	1	0	1	0
188	71305	71739	0	1	1	0	1	0
189	71650	71394	0	1	1	0	1	0
190	71394	71650	0	1	1	0	1	0
191	71739	71394	0	1	1	0	1	0
192	71394	71739	0	1	1	0	1	0
193	71472	71305	0	7	4	0	10	0
194	71305	71472	0	4	7	0	10	0
195	71637	71547	0	2	1	0	2	0
196	71547	71637	0	1	2	0	2	0
197	71726	71369	0	11	11	0	19	0
198	71369	71726	0	11	11	0	19	0
199	71726	71547	0	1	1	0	1	0
200	71547	71726	0	1	1	0	1	0
201	71904	71280	0	1	2	0	2	0
202	71280	71904	0	2	1	0	2	0
203	71904	71369	0	1	1	0	1	0
204	71369	71904	0	1	1	0	1	0
205	71648	71558	0	2	1	0	2	0
206	71558	71648	0	1	2	0	2	0
207	71737	71380	0	11	11	0	19	0
208	71380	71737	0	11	11	0	19	0
209	71737	71558	0	1	1	0	1	0
210	71558	71737	0	1	1	0	1	0
211	71915	71291	0	1	2	0	2	0
212	71291	71915	0	2	1	0	2	0
213	71915	71380	0	1	1	0	1	0
214	71380	71915	0	1	1	0	1	0
215	71371	71728	0	11	11	0	19	0
216	71728	71371	0	11	11	0	19	0
217	71549	71639	0	1	2	0	2	0
218	71639	71549	0	2	1	0	2	0
219	71549	71728	0	1	1	0	1	0
220	71728	71549	0	1	1	0	1	0
221	71282	71906	0	2	1	0	2	0
222	71906	71282	0	1	2	0	2	0
223	71371	71906	0	1	1	0	1	0
224	71906	71371	0	1	1	0	1	0
225	71828	71639	0	7	4	0	10	0
226	71639	71828	0	4	7	0	10	0
227	71294	71728	0	1	1	0	1	0
228	71728	71294	0	1	1	0	1	0
229	71383	71639	0	1	1	0	1	0
230	71639	71383	0	1	1	0	1	0
231	71383	71728	0	1	1	0	1	0
232	71728	71383	0	1	1	0	1	0
233	71294	71461	0	4	7	0	10	0
234	71461	71294	0	7	4	0	10	0
235	71294	71918	0	2	1	0	2	0
236	71918	71294	0	1	2	0	2	0
237	71383	71740	0	11	11	0	19	0
238	71740	71383	0	11	11	0	19	0
239	71383	71918	0	1	1	0	1	0
240	71918	71383	0	1	1	0	1	0
241	71561	71651	0	1	2	0	2	0
242	71651	71561	0	2	1	0	2	0
243	71561	71740	0	1	1	0	1	0
244	71740	71561	0	1	1	0	1	0
245	71303	71927	0	2	1	0	2	0
246	71927	71303	0	1	2	0	2	0
247	71392	71749	0	11	11	0	19	0
248	71749	71392	0	11	11	0	19	0
249	71392	71927	0	1	1	0	1	0
250	71927	71392	0	1	1	0	1	0
251	71570	71660	0	1	2	0	2	0
252	71660	71570	0	2	1	0	2	0
253	71570	71749	0	1	1	0	1	0
254	71749	71570	0	1	1	0	1	0
255	71304	71928	0	2	1	0	2	0
256	71928	71304	0	1	2	0	2	0
257	71571	71661	0	1	2	0	2	0
258	71661	71571	0	2	1	0	2	0
259	71571	71750	0	1	1	0	1	0
260	71750	71571	0	1	1	0	1	0
261	71393	71750	0	11	11	0	19	0
262	71750	71393	0	11	11	0	19	0
263	71393	71928	0	1	1	0	1	0
264	71928	71393	0	1	1	0	1	0
265	71481	71314	0	7	4	0	10	0
266	71314	71481	0	4	7	0	10	0
267	71659	71403	0	1	1	0	1	0
268	71403	71659	0	1	1	0	1	0
269	71659	71848	0	4	7	0	10	0
270	71848	71659	0	7	4	0	10	0
271	71748	71314	0	1	1	0	1	0
272	71314	71748	0	1	1	0	1	0
273	71748	71403	0	1	1	0	1	0
274	71403	71748	0	1	1	0	1	0
275	71482	71315	0	7	4	0	10	0
276	71315	71482	0	4	7	0	10	0
277	71660	71849	0	4	7	0	10	0
278	71849	71660	0	7	4	0	10	0
279	71660	71404	0	1	1	0	1	0
280	71404	71660	0	1	1	0	1	0
281	71749	71315	0	1	1	0	1	0
282	71315	71749	0	1	1	0	1	0
283	71749	71404	0	1	1	0	1	0
284	71404	71749	0	1	1	0	1	0
285	71483	71316	0	7	4	0	10	0
286	71316	71483	0	4	7	0	10	0
287	71661	71405	0	1	1	0	1	0
288	71405	71661	0	1	1	0	1	0
289	71661	71850	0	4	7	0	10	0
290	71850	71661	0	7	4	0	10	0
291	71750	71316	0	1	1	0	1	0
292	71316	71750	0	1	1	0	1	0
293	71750	71405	0	1	1	0	1	0
294	71405	71750	0	1	1	0	1	0
295	71659	71569	0	2	1	0	2	0
296	71569	71659	0	1	2	0	2	0
297	71748	71391	0	11	11	0	19	0
298	71391	71748	0	11	11	0	19	0
299	71748	71569	0	1	1	0	1	0
300	71569	71748	0	1	1	0	1	0
301	71926	71302	0	1	2	0	2	0
302	71302	71926	0	2	1	0	2	0
303	71926	71391	0	1	1	0	1	0
304	71391	71926	0	1	1	0	1	0
305	71305	71929	0	2	1	0	2	0
306	71929	71305	0	1	2	0	2	0
307	71572	71662	0	1	2	0	2	0
308	71662	71572	0	2	1	0	2	0
309	71572	71751	0	1	1	0	1	0
310	71751	71572	0	1	1	0	1	0
311	71394	71751	0	11	11	0	19	0
312	71751	71394	0	11	11	0	19	0
313	71394	71929	0	1	1	0	1	0
314	71929	71394	0	1	1	0	1	0
315	71314	71938	0	2	1	0	2	0
316	71938	71314	0	1	2	0	2	0
317	71403	71938	0	1	1	0	1	0
318	71938	71403	0	1	1	0	1	0
319	71403	71760	0	11	11	0	19	0
320	71760	71403	0	11	11	0	19	0
321	71581	71671	0	1	2	0	2	0
322	71671	71581	0	2	1	0	2	0
323	71581	71760	0	1	1	0	1	0
324	71760	71581	0	1	1	0	1	0
325	71492	71325	0	7	4	0	10	0
326	71325	71492	0	4	7	0	10	0
327	71670	71414	0	1	1	0	1	0
328	71414	71670	0	1	1	0	1	0
329	71670	71859	0	4	7	0	10	0
330	71859	71670	0	7	4	0	10	0
331	71759	71325	0	1	1	0	1	0
332	71325	71759	0	1	1	0	1	0
333	71759	71414	0	1	1	0	1	0
334	71414	71759	0	1	1	0	1	0
335	71315	71939	0	2	1	0	2	0
336	71939	71315	0	1	2	0	2	0
337	71404	71939	0	1	1	0	1	0
338	71939	71404	0	1	1	0	1	0
339	71404	71761	0	11	11	0	19	0
340	71761	71404	0	11	11	0	19	0
341	71582	71672	0	1	2	0	2	0
342	71672	71582	0	2	1	0	2	0
343	71582	71761	0	1	1	0	1	0
344	71761	71582	0	1	1	0	1	0
345	71671	71860	0	4	7	0	10	0
346	71860	71671	0	7	4	0	10	0
347	71493	71326	0	7	4	0	10	0
348	71326	71493	0	4	7	0	10	0
349	71671	71415	0	1	1	0	1	0
350	71415	71671	0	1	1	0	1	0
351	71760	71326	0	1	1	0	1	0
352	71326	71760	0	1	1	0	1	0
353	71760	71415	0	1	1	0	1	0
354	71415	71760	0	1	1	0	1	0
355	71494	71327	0	7	4	0	10	0
356	71327	71494	0	4	7	0	10	0
357	71672	71416	0	1	1	0	1	0
358	71416	71672	0	1	1	0	1	0
359	71672	71861	0	4	7	0	10	0
360	71861	71672	0	7	4	0	10	0
361	71761	71327	0	1	1	0	1	0
362	71327	71761	0	1	1	0	1	0
363	71761	71416	0	1	1	0	1	0
364	71416	71761	0	1	1	0	1	0
365	71325	71949	0	2	1	0	2	0
366	71949	71325	0	1	2	0	2	0
367	71414	71771	0	11	11	0	19	0
368	71771	71414	0	11	11	0	19	0
369	71414	71949	0	1	1	0	1	0
370	71949	71414	0	1	1	0	1	0
371	71592	71682	0	1	2	0	2	0
372	71682	71592	0	2	1	0	2	0
373	71592	71771	0	1	1	0	1	0
374	71771	71592	0	1	1	0	1	0
375	71593	71683	0	1	2	0	2	0
376	71683	71593	0	2	1	0	2	0
377	71593	71772	0	1	1	0	1	0
378	71772	71593	0	1	1	0	1	0
379	71326	71950	0	2	1	0	2	0
380	71950	71326	0	1	2	0	2	0
381	71415	71950	0	1	1	0	1	0
382	71950	71415	0	1	1	0	1	0
383	71415	71772	0	11	11	0	19	0
384	71772	71415	0	11	11	0	19	0
385	71504	71337	0	7	4	0	10	0
386	71337	71504	0	4	7	0	10	0
387	71682	71871	0	4	7	0	10	0
388	71871	71682	0	7	4	0	10	0
389	71771	71337	0	1	1	0	1	0
390	71337	71771	0	1	1	0	1	0
391	71682	71426	0	1	1	0	1	0
392	71426	71682	0	1	1	0	1	0
393	71771	71426	0	1	1	0	1	0
394	71426	71771	0	1	1	0	1	0
395	71505	71338	0	7	4	0	10	0
396	71338	71505	0	4	7	0	10	0
397	71683	71427	0	1	1	0	1	0
398	71427	71683	0	1	1	0	1	0
399	71683	71872	0	4	7	0	10	0
400	71872	71683	0	7	4	0	10	0
401	71772	71338	0	1	1	0	1	0
402	71338	71772	0	1	1	0	1	0
403	71772	71427	0	1	1	0	1	0
404	71427	71772	0	1	1	0	1	0
405	71937	71313	0	1	2	0	2	0
406	71313	71937	0	2	1	0	2	0
407	71937	71402	0	1	1	0	1	0
408	71402	71937	0	1	1	0	1	0
409	71670	71580	0	2	1	0	2	0
410	71580	71670	0	1	2	0	2	0
411	71759	71402	0	11	11	0	19	0
412	71402	71759	0	11	11	0	19	0
413	71759	71580	0	1	1	0	1	0
414	71580	71759	0	1	1	0	1	0
415	71681	71591	0	2	1	0	2	0
416	71591	71681	0	1	2	0	2	0
417	71770	71413	0	11	11	0	19	0
418	71413	71770	0	11	11	0	19	0
419	71770	71591	0	1	1	0	1	0
420	71591	71770	0	1	1	0	1	0
421	71948	71324	0	1	2	0	2	0
422	71324	71948	0	2	1	0	2	0
423	71948	71413	0	1	1	0	1	0
424	71413	71948	0	1	1	0	1	0
425	71503	71336	0	7	4	0	10	0
426	71336	71503	0	4	7	0	10	0
427	71681	71425	0	1	1	0	1	0
428	71425	71681	0	1	1	0	1	0
429	71770	71336	0	1	1	0	1	0
430	71336	71770	0	1	1	0	1	0
431	71770	71425	0	1	1	0	1	0
432	71425	71770	0	1	1	0	1	0
433	71681	71870	0	4	7	0	10	0
434	71870	71681	0	7	4	0	10	0
435	71316	71940	0	2	1	0	2	0
436	71940	71316	0	1	2	0	2	0
437	71405	71940	0	1	1	0	1	0
438	71940	71405	0	1	1	0	1	0
439	71405	71762	0	11	11	0	19	0
440	71762	71405	0	11	11	0	19	0
441	71583	71673	0	1	2	0	2	0
442	71673	71583	0	2	1	0	2	0
443	71583	71762	0	1	1	0	1	0
444	71762	71583	0	1	1	0	1	0
445	71416	71773	0	11	11	0	19	0
446	71773	71416	0	11	11	0	19	0
447	71594	71773	0	1	1	0	1	0
448	71773	71594	0	1	1	0	1	0
449	71327	71951	0	2	1	0	2	0
450	71951	71327	0	1	2	0	2	0
451	71416	71951	0	1	1	0	1	0
452	71951	71416	0	1	1	0	1	0
453	71594	71684	0	1	2	0	2	0
454	71684	71594	0	2	1	0	2	0
455	71337	71961	0	2	1	0	2	0
456	71961	71337	0	1	2	0	2	0
457	71604	71694	0	1	2	0	2	0
458	71694	71604	0	2	1	0	2	0
459	71604	71783	0	1	1	0	1	0
460	71783	71604	0	1	1	0	1	0
461	71426	71961	0	1	1	0	1	0
462	71961	71426	0	1	1	0	1	0
463	71426	71783	0	11	11	0	19	0
464	71783	71426	0	11	11	0	19	0
465	71515	71348	0	7	4	0	10	0
466	71348	71515	0	4	7	0	10	0
467	71693	71437	0	1	1	0	1	0
468	71437	71693	0	1	1	0	1	0
469	71693	71882	0	4	7	0	10	0
470	71882	71693	0	7	4	0	10	0
471	71782	71348	0	1	1	0	1	0
472	71348	71782	0	1	1	0	1	0
473	71782	71437	0	1	1	0	1	0
474	71437	71782	0	1	1	0	1	0
475	71516	71349	0	7	4	0	10	0
476	71349	71516	0	4	7	0	10	0
477	71694	71438	0	1	1	0	1	0
478	71438	71694	0	1	1	0	1	0
479	71694	71883	0	4	7	0	10	0
480	71883	71694	0	7	4	0	10	0
481	71783	71349	0	1	1	0	1	0
482	71349	71783	0	1	1	0	1	0
483	71783	71438	0	1	1	0	1	0
484	71438	71783	0	1	1	0	1	0
485	71348	71972	0	2	1	0	2	0
486	71972	71348	0	1	2	0	2	0
487	71437	71794	0	11	11	0	19	0
488	71794	71437	0	11	11	0	19	0
489	71437	71972	0	1	1	0	1	0
490	71972	71437	0	1	1	0	1	0
491	71615	71705	0	1	2	0	2	0
492	71705	71615	0	2	1	0	2	0
493	71615	71794	0	1	1	0	1	0
494	71794	71615	0	1	1	0	1	0
495	71349	71973	0	2	1	0	2	0
496	71973	71349	0	1	2	0	2	0
497	71438	71795	0	11	11	0	19	0
498	71795	71438	0	11	11	0	19	0
499	71438	71973	0	1	1	0	1	0
500	71973	71438	0	1	1	0	1	0
501	71616	71706	0	1	2	0	2	0
502	71706	71616	0	2	1	0	2	0
503	71616	71795	0	1	1	0	1	0
504	71795	71616	0	1	1	0	1	0
505	71782	71425	0	11	11	0	19	0
506	71425	71782	0	11	11	0	19	0
507	71960	71336	0	1	2	0	2	0
508	71336	71960	0	2	1	0	2	0
509	71960	71425	0	1	1	0	1	0
510	71425	71960	0	1	1	0	1	0
511	71693	71603	0	2	1	0	2	0
512	71603	71693	0	1	2	0	2	0
513	71782	71603	0	1	1	0	1	0
514	71603	71782	0	1	1	0	1	0
515	71704	71614	0	2	1	0	2	0
516	71614	71704	0	1	2	0	2	0
517	71793	71436	0	11	11	0	19	0
518	71436	71793	0	11	11	0	19	0
519	71793	71614	0	1	1	0	1	0
520	71614	71793	0	1	1	0	1	0
521	71971	71347	0	1	2	0	2	0
522	71347	71971	0	2	1	0	2	0
523	71971	71436	0	1	1	0	1	0
524	71436	71971	0	1	1	0	1	0
525	71338	71962	0	2	1	0	2	0
526	71962	71338	0	1	2	0	2	0
527	71427	71784	0	11	11	0	19	0
528	71784	71427	0	11	11	0	19	0
529	71427	71962	0	1	1	0	1	0
530	71962	71427	0	1	1	0	1	0
531	71605	71695	0	1	2	0	2	0
532	71695	71605	0	2	1	0	2	0
533	71605	71784	0	1	1	0	1	0
534	71784	71605	0	1	1	0	1	0
535	71884	71695	0	7	4	0	10	0
536	71695	71884	0	4	7	0	10	0
537	71350	71784	0	1	1	0	1	0
538	71784	71350	0	1	1	0	1	0
539	71439	71695	0	1	1	0	1	0
540	71695	71439	0	1	1	0	1	0
541	71439	71784	0	1	1	0	1	0
542	71784	71439	0	1	1	0	1	0
543	71350	71517	0	4	7	0	10	0
544	71517	71350	0	7	4	0	10	0
545	71617	71707	0	1	2	0	2	0
546	71707	71617	0	2	1	0	2	0
547	71617	71796	0	1	1	0	1	0
548	71796	71617	0	1	1	0	1	0
549	71350	71974	0	2	1	0	2	0
550	71974	71350	0	1	2	0	2	0
551	71439	71796	0	11	11	0	19	0
552	71796	71439	0	11	11	0	19	0
553	71439	71974	0	1	1	0	1	0
554	71974	71439	0	1	1	0	1	0
555	71267	71891	0	2	1	0	2	0
556	71891	71267	0	1	2	0	2	0
557	71356	71891	0	1	1	0	1	0
558	71891	71356	0	1	1	0	1	0
559	71356	71713	0	11	11	0	19	0
560	71713	71356	0	11	11	0	19	0
561	71534	71624	0	1	2	0	2	0
562	71624	71534	0	2	1	0	2	0
563	71534	71713	0	1	1	0	1	0
564	71713	71534	0	1	1	0	1	0
565	71623	71367	0	1	1	0	1	0
566	71367	71623	0	1	1	0	1	0
567	71712	71367	0	1	1	0	1	0
568	71367	71712	0	1	1	0	1	0
569	71445	71278	0	7	4	0	10	0
570	71278	71445	0	4	7	0	10	0
571	71623	71812	0	4	7	0	10	0
572	71812	71623	0	7	4	0	10	0
573	71712	71278	0	1	1	0	1	0
574	71278	71712	0	1	1	0	1	0
575	71446	71279	0	7	4	0	10	0
576	71279	71446	0	4	7	0	10	0
577	71624	71368	0	1	1	0	1	0
578	71368	71624	0	1	1	0	1	0
579	71624	71813	0	4	7	0	10	0
580	71813	71624	0	7	4	0	10	0
581	71713	71279	0	1	1	0	1	0
582	71279	71713	0	1	1	0	1	0
583	71713	71368	0	1	1	0	1	0
584	71368	71713	0	1	1	0	1	0
585	71890	71277	0	1	2	0	2	0
586	71277	71890	0	2	1	0	2	0
587	71890	71366	0	1	1	0	1	0
588	71366	71890	0	1	1	0	1	0
589	71712	71366	0	11	11	0	19	0
590	71366	71712	0	11	11	0	19	0
591	71623	71544	0	2	1	0	2	0
592	71544	71623	0	1	2	0	2	0
593	71712	71544	0	1	1	0	1	0
594	71544	71712	0	1	1	0	1	0
595	71367	71902	0	1	1	0	1	0
596	71902	71367	0	1	1	0	1	0
597	71367	71724	0	11	11	0	19	0
598	71724	71367	0	11	11	0	19	0
599	71278	71902	0	2	1	0	2	0
600	71902	71278	0	1	2	0	2	0
601	71545	71635	0	1	2	0	2	0
602	71635	71545	0	2	1	0	2	0
603	71545	71724	0	1	1	0	1	0
604	71724	71545	0	1	1	0	1	0
605	71456	71289	0	7	4	0	10	0
606	71289	71456	0	4	7	0	10	0
607	71634	71378	0	1	1	0	1	0
608	71378	71634	0	1	1	0	1	0
609	71634	71823	0	4	7	0	10	0
610	71823	71634	0	7	4	0	10	0
611	71723	71289	0	1	1	0	1	0
612	71289	71723	0	1	1	0	1	0
613	71723	71378	0	1	1	0	1	0
614	71378	71723	0	1	1	0	1	0
615	71279	71903	0	2	1	0	2	0
616	71903	71279	0	1	2	0	2	0
617	71368	71725	0	11	11	0	19	0
618	71725	71368	0	11	11	0	19	0
619	71368	71903	0	1	1	0	1	0
620	71903	71368	0	1	1	0	1	0
621	71546	71636	0	1	2	0	2	0
622	71636	71546	0	2	1	0	2	0
623	71546	71725	0	1	1	0	1	0
624	71725	71546	0	1	1	0	1	0
625	71457	71290	0	7	4	0	10	0
626	71290	71457	0	4	7	0	10	0
627	71724	71290	0	1	1	0	1	0
628	71290	71724	0	1	1	0	1	0
629	71635	71824	0	4	7	0	10	0
630	71824	71635	0	7	4	0	10	0
631	71635	71379	0	1	1	0	1	0
632	71379	71635	0	1	1	0	1	0
633	71724	71379	0	1	1	0	1	0
634	71379	71724	0	1	1	0	1	0
635	71458	71291	0	7	4	0	10	0
636	71291	71458	0	4	7	0	10	0
637	71636	71380	0	1	1	0	1	0
638	71380	71636	0	1	1	0	1	0
639	71636	71825	0	4	7	0	10	0
640	71825	71636	0	7	4	0	10	0
641	71725	71291	0	1	1	0	1	0
642	71291	71725	0	1	1	0	1	0
643	71725	71380	0	1	1	0	1	0
644	71380	71725	0	1	1	0	1	0
645	71289	71913	0	2	1	0	2	0
646	71913	71289	0	1	2	0	2	0
647	71378	71735	0	11	11	0	19	0
648	71735	71378	0	11	11	0	19	0
649	71378	71913	0	1	1	0	1	0
650	71913	71378	0	1	1	0	1	0
651	71556	71646	0	1	2	0	2	0
652	71646	71556	0	2	1	0	2	0
653	71556	71735	0	1	1	0	1	0
654	71735	71556	0	1	1	0	1	0
655	71290	71914	0	2	1	0	2	0
656	71914	71290	0	1	2	0	2	0
657	71557	71647	0	1	2	0	2	0
658	71647	71557	0	2	1	0	2	0
659	71557	71736	0	1	1	0	1	0
660	71736	71557	0	1	1	0	1	0
661	71379	71736	0	11	11	0	19	0
662	71736	71379	0	11	11	0	19	0
663	71379	71914	0	1	1	0	1	0
664	71914	71379	0	1	1	0	1	0
665	71467	71300	0	7	4	0	10	0
666	71300	71467	0	4	7	0	10	0
667	71645	71389	0	1	1	0	1	0
668	71389	71645	0	1	1	0	1	0
669	71645	71834	0	4	7	0	10	0
670	71834	71645	0	7	4	0	10	0
671	71734	71300	0	1	1	0	1	0
672	71300	71734	0	1	1	0	1	0
673	71734	71389	0	1	1	0	1	0
674	71389	71734	0	1	1	0	1	0
675	71468	71301	0	7	4	0	10	0
676	71301	71468	0	4	7	0	10	0
677	71646	71390	0	1	1	0	1	0
678	71390	71646	0	1	1	0	1	0
679	71735	71301	0	1	1	0	1	0
680	71301	71735	0	1	1	0	1	0
681	71735	71390	0	1	1	0	1	0
682	71390	71735	0	1	1	0	1	0
683	71646	71835	0	4	7	0	10	0
684	71835	71646	0	7	4	0	10	0
685	71469	71302	0	7	4	0	10	0
686	71302	71469	0	4	7	0	10	0
687	71647	71391	0	1	1	0	1	0
688	71391	71647	0	1	1	0	1	0
689	71647	71836	0	4	7	0	10	0
690	71836	71647	0	7	4	0	10	0
691	71736	71302	0	1	1	0	1	0
692	71302	71736	0	1	1	0	1	0
693	71736	71391	0	1	1	0	1	0
694	71391	71736	0	1	1	0	1	0
695	71634	71555	0	2	1	0	2	0
696	71555	71634	0	1	2	0	2	0
697	71723	71377	0	11	11	0	19	0
698	71377	71723	0	11	11	0	19	0
699	71723	71555	0	1	1	0	1	0
700	71555	71723	0	1	1	0	1	0
701	71901	71288	0	1	2	0	2	0
702	71288	71901	0	2	1	0	2	0
703	71901	71377	0	1	1	0	1	0
704	71377	71901	0	1	1	0	1	0
705	71645	71566	0	2	1	0	2	0
706	71566	71645	0	1	2	0	2	0
707	71734	71388	0	11	11	0	19	0
708	71388	71734	0	11	11	0	19	0
709	71734	71566	0	1	1	0	1	0
710	71566	71734	0	1	1	0	1	0
711	71912	71299	0	1	2	0	2	0
712	71299	71912	0	2	1	0	2	0
713	71912	71388	0	1	1	0	1	0
714	71388	71912	0	1	1	0	1	0
715	71389	71746	0	11	11	0	19	0
716	71746	71389	0	11	11	0	19	0
717	71567	71746	0	1	1	0	1	0
718	71746	71567	0	1	1	0	1	0
719	71300	71924	0	2	1	0	2	0
720	71924	71300	0	1	2	0	2	0
721	71389	71924	0	1	1	0	1	0
722	71924	71389	0	1	1	0	1	0
723	71567	71657	0	1	2	0	2	0
724	71657	71567	0	2	1	0	2	0
725	71301	71925	0	2	1	0	2	0
726	71925	71301	0	1	2	0	2	0
727	71390	71747	0	11	11	0	19	0
728	71747	71390	0	11	11	0	19	0
729	71390	71925	0	1	1	0	1	0
730	71925	71390	0	1	1	0	1	0
731	71568	71658	0	1	2	0	2	0
732	71658	71568	0	2	1	0	2	0
733	71568	71747	0	1	1	0	1	0
734	71747	71568	0	1	1	0	1	0
735	71746	71312	0	1	1	0	1	0
736	71312	71746	0	1	1	0	1	0
737	71746	71401	0	1	1	0	1	0
738	71401	71746	0	1	1	0	1	0
739	71479	71312	0	7	4	0	10	0
740	71312	71479	0	4	7	0	10	0
741	71657	71401	0	1	1	0	1	0
742	71401	71657	0	1	1	0	1	0
743	71657	71846	0	4	7	0	10	0
744	71846	71657	0	7	4	0	10	0
745	71480	71313	0	7	4	0	10	0
746	71313	71480	0	4	7	0	10	0
747	71658	71402	0	1	1	0	1	0
748	71402	71658	0	1	1	0	1	0
749	71658	71847	0	4	7	0	10	0
750	71847	71658	0	7	4	0	10	0
751	71747	71313	0	1	1	0	1	0
752	71313	71747	0	1	1	0	1	0
753	71747	71402	0	1	1	0	1	0
754	71402	71747	0	1	1	0	1	0
755	71923	71310	0	1	2	0	2	0
756	71310	71923	0	2	1	0	2	0
757	71923	71399	0	1	1	0	1	0
758	71399	71923	0	1	1	0	1	0
759	71656	71577	0	2	1	0	2	0
760	71577	71656	0	1	2	0	2	0
761	71745	71399	0	11	11	0	19	0
762	71399	71745	0	11	11	0	19	0
763	71745	71577	0	1	1	0	1	0
764	71577	71745	0	1	1	0	1	0
765	71478	71311	0	7	4	0	10	0
766	71311	71478	0	4	7	0	10	0
767	71656	71400	0	1	1	0	1	0
768	71400	71656	0	1	1	0	1	0
769	71745	71311	0	1	1	0	1	0
770	71311	71745	0	1	1	0	1	0
771	71745	71400	0	1	1	0	1	0
772	71400	71745	0	1	1	0	1	0
773	71656	71845	0	4	7	0	10	0
774	71845	71656	0	7	4	0	10	0
775	71312	71936	0	2	1	0	2	0
776	71936	71312	0	1	2	0	2	0
777	71401	71936	0	1	1	0	1	0
778	71936	71401	0	1	1	0	1	0
779	71401	71758	0	11	11	0	19	0
780	71758	71401	0	11	11	0	19	0
781	71579	71669	0	1	2	0	2	0
782	71669	71579	0	2	1	0	2	0
783	71579	71758	0	1	1	0	1	0
784	71758	71579	0	1	1	0	1	0
785	71668	71412	0	1	1	0	1	0
786	71412	71668	0	1	1	0	1	0
787	71757	71412	0	1	1	0	1	0
788	71412	71757	0	1	1	0	1	0
789	71490	71323	0	7	4	0	10	0
790	71323	71490	0	4	7	0	10	0
791	71668	71857	0	4	7	0	10	0
792	71857	71668	0	7	4	0	10	0
793	71757	71323	0	1	1	0	1	0
794	71323	71757	0	1	1	0	1	0
795	71491	71324	0	7	4	0	10	0
796	71324	71491	0	4	7	0	10	0
797	71669	71413	0	1	1	0	1	0
798	71413	71669	0	1	1	0	1	0
799	71669	71858	0	4	7	0	10	0
800	71858	71669	0	7	4	0	10	0
801	71758	71324	0	1	1	0	1	0
802	71324	71758	0	1	1	0	1	0
803	71758	71413	0	1	1	0	1	0
804	71413	71758	0	1	1	0	1	0
805	71412	71947	0	1	1	0	1	0
806	71947	71412	0	1	1	0	1	0
807	71412	71769	0	11	11	0	19	0
808	71769	71412	0	11	11	0	19	0
809	71323	71947	0	2	1	0	2	0
810	71947	71323	0	1	2	0	2	0
811	71590	71680	0	1	2	0	2	0
812	71680	71590	0	2	1	0	2	0
813	71590	71769	0	1	1	0	1	0
814	71769	71590	0	1	1	0	1	0
815	71501	71334	0	7	4	0	10	0
816	71334	71501	0	4	7	0	10	0
817	71679	71423	0	1	1	0	1	0
818	71423	71679	0	1	1	0	1	0
819	71679	71868	0	4	7	0	10	0
820	71868	71679	0	7	4	0	10	0
821	71768	71334	0	1	1	0	1	0
822	71334	71768	0	1	1	0	1	0
823	71768	71423	0	1	1	0	1	0
824	71423	71768	0	1	1	0	1	0
825	71502	71335	0	7	4	0	10	0
826	71335	71502	0	4	7	0	10	0
827	71680	71869	0	4	7	0	10	0
828	71869	71680	0	7	4	0	10	0
829	71769	71335	0	1	1	0	1	0
830	71335	71769	0	1	1	0	1	0
831	71680	71424	0	1	1	0	1	0
832	71424	71680	0	1	1	0	1	0
833	71769	71424	0	1	1	0	1	0
834	71424	71769	0	1	1	0	1	0
835	71935	71311	0	1	2	0	2	0
836	71311	71935	0	2	1	0	2	0
837	71935	71400	0	1	1	0	1	0
838	71400	71935	0	1	1	0	1	0
839	71757	71400	0	11	11	0	19	0
840	71400	71757	0	11	11	0	19	0
841	71668	71578	0	2	1	0	2	0
842	71578	71668	0	1	2	0	2	0
843	71757	71578	0	1	1	0	1	0
844	71578	71757	0	1	1	0	1	0
845	71768	71411	0	11	11	0	19	0
846	71411	71768	0	11	11	0	19	0
847	71946	71322	0	1	2	0	2	0
848	71322	71946	0	2	1	0	2	0
849	71946	71411	0	1	1	0	1	0
850	71411	71946	0	1	1	0	1	0
851	71679	71589	0	2	1	0	2	0
852	71589	71679	0	1	2	0	2	0
853	71768	71589	0	1	1	0	1	0
854	71589	71768	0	1	1	0	1	0
855	71334	71958	0	2	1	0	2	0
856	71958	71334	0	1	2	0	2	0
857	71423	71780	0	11	11	0	19	0
858	71780	71423	0	11	11	0	19	0
859	71423	71958	0	1	1	0	1	0
860	71958	71423	0	1	1	0	1	0
861	71601	71691	0	1	2	0	2	0
862	71691	71601	0	2	1	0	2	0
863	71601	71780	0	1	1	0	1	0
864	71780	71601	0	1	1	0	1	0
865	71512	71345	0	7	4	0	10	0
866	71345	71512	0	4	7	0	10	0
867	71690	71434	0	1	1	0	1	0
868	71434	71690	0	1	1	0	1	0
869	71690	71879	0	4	7	0	10	0
870	71879	71690	0	7	4	0	10	0
871	71779	71345	0	1	1	0	1	0
872	71345	71779	0	1	1	0	1	0
873	71779	71434	0	1	1	0	1	0
874	71434	71779	0	1	1	0	1	0
875	71335	71959	0	2	1	0	2	0
876	71959	71335	0	1	2	0	2	0
877	71602	71692	0	1	2	0	2	0
878	71692	71602	0	2	1	0	2	0
879	71602	71781	0	1	1	0	1	0
880	71781	71602	0	1	1	0	1	0
881	71424	71781	0	11	11	0	19	0
882	71781	71424	0	11	11	0	19	0
883	71424	71959	0	1	1	0	1	0
884	71959	71424	0	1	1	0	1	0
885	71513	71346	0	7	4	0	10	0
886	71346	71513	0	4	7	0	10	0
887	71691	71435	0	1	1	0	1	0
888	71435	71691	0	1	1	0	1	0
889	71780	71346	0	1	1	0	1	0
890	71346	71780	0	1	1	0	1	0
891	71780	71435	0	1	1	0	1	0
892	71435	71780	0	1	1	0	1	0
893	71691	71880	0	4	7	0	10	0
894	71880	71691	0	7	4	0	10	0
895	71514	71347	0	7	4	0	10	0
896	71347	71514	0	4	7	0	10	0
897	71692	71436	0	1	1	0	1	0
898	71436	71692	0	1	1	0	1	0
899	71692	71881	0	4	7	0	10	0
900	71881	71692	0	7	4	0	10	0
901	71781	71347	0	1	1	0	1	0
902	71347	71781	0	1	1	0	1	0
903	71781	71436	0	1	1	0	1	0
904	71436	71781	0	1	1	0	1	0
905	71434	71791	0	11	11	0	19	0
906	71791	71434	0	11	11	0	19	0
907	71612	71791	0	1	1	0	1	0
908	71791	71612	0	1	1	0	1	0
909	71345	71969	0	2	1	0	2	0
910	71969	71345	0	1	2	0	2	0
911	71434	71969	0	1	1	0	1	0
912	71969	71434	0	1	1	0	1	0
913	71612	71702	0	1	2	0	2	0
914	71702	71612	0	2	1	0	2	0
915	71346	71970	0	2	1	0	2	0
916	71970	71346	0	1	2	0	2	0
917	71435	71792	0	11	11	0	19	0
918	71792	71435	0	11	11	0	19	0
919	71435	71970	0	1	1	0	1	0
920	71970	71435	0	1	1	0	1	0
921	71613	71703	0	1	2	0	2	0
922	71703	71613	0	2	1	0	2	0
923	71613	71792	0	1	1	0	1	0
924	71792	71613	0	1	1	0	1	0
925	71690	71600	0	2	1	0	2	0
926	71600	71690	0	1	2	0	2	0
927	71779	71422	0	11	11	0	19	0
928	71422	71779	0	11	11	0	19	0
929	71779	71600	0	1	1	0	1	0
930	71600	71779	0	1	1	0	1	0
931	71957	71333	0	1	2	0	2	0
932	71333	71957	0	2	1	0	2	0
933	71957	71422	0	1	1	0	1	0
934	71422	71957	0	1	1	0	1	0
935	71701	71611	0	2	1	0	2	0
936	71611	71701	0	1	2	0	2	0
937	71790	71433	0	11	11	0	19	0
938	71433	71790	0	11	11	0	19	0
939	71790	71611	0	1	1	0	1	0
940	71611	71790	0	1	1	0	1	0
941	71968	71344	0	1	2	0	2	0
942	71344	71968	0	2	1	0	2	0
943	71968	71433	0	1	1	0	1	0
944	71433	71968	0	1	1	0	1	0
945	71272	71896	0	2	1	0	2	0
946	71896	71272	0	1	2	0	2	0
947	71361	71896	0	1	1	0	1	0
948	71896	71361	0	1	1	0	1	0
949	71361	71718	0	11	11	0	19	0
950	71718	71361	0	11	11	0	19	0
951	71539	71629	0	1	2	0	2	0
952	71629	71539	0	2	1	0	2	0
953	71539	71718	0	1	1	0	1	0
954	71718	71539	0	1	1	0	1	0
955	71362	71897	0	1	1	0	1	0
956	71897	71362	0	1	1	0	1	0
957	71362	71719	0	11	11	0	19	0
958	71719	71362	0	11	11	0	19	0
959	71273	71897	0	2	1	0	2	0
960	71897	71273	0	1	2	0	2	0
961	71540	71630	0	1	2	0	2	0
962	71630	71540	0	2	1	0	2	0
963	71540	71719	0	1	1	0	1	0
964	71719	71540	0	1	1	0	1	0
965	71450	71283	0	7	4	0	10	0
966	71283	71450	0	4	7	0	10	0
967	71628	71372	0	1	1	0	1	0
968	71372	71628	0	1	1	0	1	0
969	71628	71817	0	4	7	0	10	0
970	71817	71628	0	7	4	0	10	0
971	71717	71283	0	1	1	0	1	0
972	71283	71717	0	1	1	0	1	0
973	71717	71372	0	1	1	0	1	0
974	71372	71717	0	1	1	0	1	0
975	71629	71818	0	4	7	0	10	0
976	71818	71629	0	7	4	0	10	0
977	71629	71373	0	1	1	0	1	0
978	71373	71629	0	1	1	0	1	0
979	71718	71284	0	1	1	0	1	0
980	71284	71718	0	1	1	0	1	0
981	71718	71373	0	1	1	0	1	0
982	71373	71718	0	1	1	0	1	0
983	71451	71284	0	7	4	0	10	0
984	71284	71451	0	4	7	0	10	0
985	71452	71285	0	7	4	0	10	0
986	71285	71452	0	4	7	0	10	0
987	71630	71374	0	1	1	0	1	0
988	71374	71630	0	1	1	0	1	0
989	71630	71819	0	4	7	0	10	0
990	71819	71630	0	7	4	0	10	0
991	71719	71285	0	1	1	0	1	0
992	71285	71719	0	1	1	0	1	0
993	71719	71374	0	1	1	0	1	0
994	71374	71719	0	1	1	0	1	0
995	71274	71898	0	2	1	0	2	0
996	71898	71274	0	1	2	0	2	0
997	71363	71898	0	1	1	0	1	0
998	71898	71363	0	1	1	0	1	0
999	71363	71720	0	11	11	0	19	0
1000	71720	71363	0	11	11	0	19	0
1001	71541	71631	0	1	2	0	2	0
1002	71631	71541	0	2	1	0	2	0
1003	71541	71720	0	1	1	0	1	0
1004	71720	71541	0	1	1	0	1	0
1005	71283	71907	0	2	1	0	2	0
1006	71907	71283	0	1	2	0	2	0
1007	71372	71729	0	11	11	0	19	0
1008	71729	71372	0	11	11	0	19	0
1009	71372	71907	0	1	1	0	1	0
1010	71907	71372	0	1	1	0	1	0
1011	71550	71640	0	1	2	0	2	0
1012	71640	71550	0	2	1	0	2	0
1013	71550	71729	0	1	1	0	1	0
1014	71729	71550	0	1	1	0	1	0
1015	71284	71908	0	2	1	0	2	0
1016	71908	71284	0	1	2	0	2	0
1017	71373	71730	0	11	11	0	19	0
1018	71730	71373	0	11	11	0	19	0
1019	71373	71908	0	1	1	0	1	0
1020	71908	71373	0	1	1	0	1	0
1021	71551	71641	0	1	2	0	2	0
1022	71641	71551	0	2	1	0	2	0
1023	71551	71730	0	1	1	0	1	0
1024	71730	71551	0	1	1	0	1	0
1025	71640	71829	0	4	7	0	10	0
1026	71829	71640	0	7	4	0	10	0
1027	71462	71295	0	7	4	0	10	0
1028	71295	71462	0	4	7	0	10	0
1029	71640	71384	0	1	1	0	1	0
1030	71384	71640	0	1	1	0	1	0
1031	71729	71295	0	1	1	0	1	0
1032	71295	71729	0	1	1	0	1	0
1033	71729	71384	0	1	1	0	1	0
1034	71384	71729	0	1	1	0	1	0
1035	71463	71296	0	7	4	0	10	0
1036	71296	71463	0	4	7	0	10	0
1037	71641	71385	0	1	1	0	1	0
1038	71385	71641	0	1	1	0	1	0
1039	71641	71830	0	4	7	0	10	0
1040	71830	71641	0	7	4	0	10	0
1041	71730	71296	0	1	1	0	1	0
1042	71296	71730	0	1	1	0	1	0
1043	71730	71385	0	1	1	0	1	0
1044	71385	71730	0	1	1	0	1	0
1045	71562	71741	0	1	1	0	1	0
1046	71741	71562	0	1	1	0	1	0
1047	71562	71652	0	1	2	0	2	0
1048	71652	71562	0	2	1	0	2	0
1049	71384	71741	0	11	11	0	19	0
1050	71741	71384	0	11	11	0	19	0
1051	71295	71919	0	2	1	0	2	0
1052	71919	71295	0	1	2	0	2	0
1053	71384	71919	0	1	1	0	1	0
1054	71919	71384	0	1	1	0	1	0
1055	71473	71306	0	7	4	0	10	0
1056	71306	71473	0	4	7	0	10	0
1057	71651	71840	0	4	7	0	10	0
1058	71840	71651	0	7	4	0	10	0
1059	71740	71306	0	1	1	0	1	0
1060	71306	71740	0	1	1	0	1	0
1061	71651	71395	0	1	1	0	1	0
1062	71395	71651	0	1	1	0	1	0
1063	71740	71395	0	1	1	0	1	0
1064	71395	71740	0	1	1	0	1	0
1065	71741	71307	0	1	1	0	1	0
1066	71307	71741	0	1	1	0	1	0
1067	71741	71396	0	1	1	0	1	0
1068	71396	71741	0	1	1	0	1	0
1069	71474	71307	0	7	4	0	10	0
1070	71307	71474	0	4	7	0	10	0
1071	71652	71396	0	1	1	0	1	0
1072	71396	71652	0	1	1	0	1	0
1073	71652	71841	0	4	7	0	10	0
1074	71841	71652	0	7	4	0	10	0
1075	71285	71909	0	2	1	0	2	0
1076	71909	71285	0	1	2	0	2	0
1077	71374	71731	0	11	11	0	19	0
1078	71731	71374	0	11	11	0	19	0
1079	71374	71909	0	1	1	0	1	0
1080	71909	71374	0	1	1	0	1	0
1081	71552	71642	0	1	2	0	2	0
1082	71642	71552	0	2	1	0	2	0
1083	71552	71731	0	1	1	0	1	0
1084	71731	71552	0	1	1	0	1	0
1085	71385	71742	0	11	11	0	19	0
1086	71742	71385	0	11	11	0	19	0
1087	71563	71653	0	1	2	0	2	0
1088	71653	71563	0	2	1	0	2	0
1089	71563	71742	0	1	1	0	1	0
1090	71742	71563	0	1	1	0	1	0
1091	71296	71920	0	2	1	0	2	0
1092	71920	71296	0	1	2	0	2	0
1093	71385	71920	0	1	1	0	1	0
1094	71920	71385	0	1	1	0	1	0
1095	71573	71663	0	1	2	0	2	0
1096	71663	71573	0	2	1	0	2	0
1097	71573	71752	0	1	1	0	1	0
1098	71752	71573	0	1	1	0	1	0
1099	71306	71930	0	2	1	0	2	0
1100	71930	71306	0	1	2	0	2	0
1101	71395	71752	0	11	11	0	19	0
1102	71752	71395	0	11	11	0	19	0
1103	71395	71930	0	1	1	0	1	0
1104	71930	71395	0	1	1	0	1	0
1105	71307	71931	0	2	1	0	2	0
1106	71931	71307	0	1	2	0	2	0
1107	71396	71753	0	11	11	0	19	0
1108	71753	71396	0	11	11	0	19	0
1109	71396	71931	0	1	1	0	1	0
1110	71931	71396	0	1	1	0	1	0
1111	71574	71664	0	1	2	0	2	0
1112	71664	71574	0	2	1	0	2	0
1113	71574	71753	0	1	1	0	1	0
1114	71753	71574	0	1	1	0	1	0
1115	71484	71317	0	7	4	0	10	0
1116	71317	71484	0	4	7	0	10	0
1117	71662	71406	0	1	1	0	1	0
1118	71406	71662	0	1	1	0	1	0
1119	71662	71851	0	4	7	0	10	0
1120	71851	71662	0	7	4	0	10	0
1121	71751	71317	0	1	1	0	1	0
1122	71317	71751	0	1	1	0	1	0
1123	71751	71406	0	1	1	0	1	0
1124	71406	71751	0	1	1	0	1	0
1125	71663	71407	0	1	1	0	1	0
1126	71407	71663	0	1	1	0	1	0
1127	71752	71407	0	1	1	0	1	0
1128	71407	71752	0	1	1	0	1	0
1129	71663	71852	0	4	7	0	10	0
1130	71852	71663	0	7	4	0	10	0
1131	71752	71318	0	1	1	0	1	0
1132	71318	71752	0	1	1	0	1	0
1133	71485	71318	0	7	4	0	10	0
1134	71318	71485	0	4	7	0	10	0
1135	71664	71853	0	4	7	0	10	0
1136	71853	71664	0	7	4	0	10	0
1137	71753	71319	0	1	1	0	1	0
1138	71319	71753	0	1	1	0	1	0
1139	71664	71408	0	1	1	0	1	0
1140	71408	71664	0	1	1	0	1	0
1141	71753	71408	0	1	1	0	1	0
1142	71408	71753	0	1	1	0	1	0
1143	71486	71319	0	7	4	0	10	0
1144	71319	71486	0	4	7	0	10	0
1145	71842	71653	0	7	4	0	10	0
1146	71653	71842	0	4	7	0	10	0
1147	71308	71742	0	1	1	0	1	0
1148	71742	71308	0	1	1	0	1	0
1149	71397	71653	0	1	1	0	1	0
1150	71653	71397	0	1	1	0	1	0
1151	71397	71742	0	1	1	0	1	0
1152	71742	71397	0	1	1	0	1	0
1153	71308	71475	0	4	7	0	10	0
1154	71475	71308	0	7	4	0	10	0
1155	71308	71932	0	2	1	0	2	0
1156	71932	71308	0	1	2	0	2	0
1157	71397	71754	0	11	11	0	19	0
1158	71754	71397	0	11	11	0	19	0
1159	71397	71932	0	1	1	0	1	0
1160	71932	71397	0	1	1	0	1	0
1161	71575	71665	0	1	2	0	2	0
1162	71665	71575	0	2	1	0	2	0
1163	71575	71754	0	1	1	0	1	0
1164	71754	71575	0	1	1	0	1	0
1165	71317	71941	0	2	1	0	2	0
1166	71941	71317	0	1	2	0	2	0
1167	71406	71941	0	1	1	0	1	0
1168	71941	71406	0	1	1	0	1	0
1169	71406	71763	0	11	11	0	19	0
1170	71763	71406	0	11	11	0	19	0
1171	71584	71674	0	1	2	0	2	0
1172	71674	71584	0	2	1	0	2	0
1173	71584	71763	0	1	1	0	1	0
1174	71763	71584	0	1	1	0	1	0
1175	71495	71328	0	7	4	0	10	0
1176	71328	71495	0	4	7	0	10	0
1177	71673	71417	0	1	1	0	1	0
1178	71417	71673	0	1	1	0	1	0
1179	71673	71862	0	4	7	0	10	0
1180	71862	71673	0	7	4	0	10	0
1181	71762	71328	0	1	1	0	1	0
1182	71328	71762	0	1	1	0	1	0
1183	71762	71417	0	1	1	0	1	0
1184	71417	71762	0	1	1	0	1	0
1185	71407	71942	0	1	1	0	1	0
1186	71942	71407	0	1	1	0	1	0
1187	71407	71764	0	11	11	0	19	0
1188	71764	71407	0	11	11	0	19	0
1189	71318	71942	0	2	1	0	2	0
1190	71942	71318	0	1	2	0	2	0
1191	71585	71675	0	1	2	0	2	0
1192	71675	71585	0	2	1	0	2	0
1193	71585	71764	0	1	1	0	1	0
1194	71764	71585	0	1	1	0	1	0
1195	71674	71863	0	4	7	0	10	0
1196	71863	71674	0	7	4	0	10	0
1197	71674	71418	0	1	1	0	1	0
1198	71418	71674	0	1	1	0	1	0
1199	71763	71329	0	1	1	0	1	0
1200	71329	71763	0	1	1	0	1	0
1201	71763	71418	0	1	1	0	1	0
1202	71418	71763	0	1	1	0	1	0
1203	71496	71329	0	7	4	0	10	0
1204	71329	71496	0	4	7	0	10	0
1205	71497	71330	0	7	4	0	10	0
1206	71330	71497	0	4	7	0	10	0
1207	71675	71419	0	1	1	0	1	0
1208	71419	71675	0	1	1	0	1	0
1209	71675	71864	0	4	7	0	10	0
1210	71864	71675	0	7	4	0	10	0
1211	71764	71330	0	1	1	0	1	0
1212	71330	71764	0	1	1	0	1	0
1213	71764	71419	0	1	1	0	1	0
1214	71419	71764	0	1	1	0	1	0
1215	71328	71952	0	2	1	0	2	0
1216	71952	71328	0	1	2	0	2	0
1217	71417	71952	0	1	1	0	1	0
1218	71952	71417	0	1	1	0	1	0
1219	71595	71685	0	1	2	0	2	0
1220	71685	71595	0	2	1	0	2	0
1221	71417	71774	0	11	11	0	19	0
1222	71774	71417	0	11	11	0	19	0
1223	71595	71774	0	1	1	0	1	0
1224	71774	71595	0	1	1	0	1	0
1225	71329	71953	0	2	1	0	2	0
1226	71953	71329	0	1	2	0	2	0
1227	71418	71775	0	11	11	0	19	0
1228	71775	71418	0	11	11	0	19	0
1229	71418	71953	0	1	1	0	1	0
1230	71953	71418	0	1	1	0	1	0
1231	71596	71686	0	1	2	0	2	0
1232	71686	71596	0	2	1	0	2	0
1233	71596	71775	0	1	1	0	1	0
1234	71775	71596	0	1	1	0	1	0
1235	71773	71339	0	1	1	0	1	0
1236	71339	71773	0	1	1	0	1	0
1237	71773	71428	0	1	1	0	1	0
1238	71428	71773	0	1	1	0	1	0
1239	71684	71873	0	4	7	0	10	0
1240	71873	71684	0	7	4	0	10	0
1241	71506	71339	0	7	4	0	10	0
1242	71339	71506	0	4	7	0	10	0
1243	71684	71428	0	1	1	0	1	0
1244	71428	71684	0	1	1	0	1	0
1245	71685	71874	0	4	7	0	10	0
1246	71874	71685	0	7	4	0	10	0
1247	71685	71429	0	1	1	0	1	0
1248	71429	71685	0	1	1	0	1	0
1249	71774	71340	0	1	1	0	1	0
1250	71340	71774	0	1	1	0	1	0
1251	71774	71429	0	1	1	0	1	0
1252	71429	71774	0	1	1	0	1	0
1253	71507	71340	0	7	4	0	10	0
1254	71340	71507	0	4	7	0	10	0
1255	71508	71341	0	7	4	0	10	0
1256	71341	71508	0	4	7	0	10	0
1257	71686	71430	0	1	1	0	1	0
1258	71430	71686	0	1	1	0	1	0
1259	71686	71875	0	4	7	0	10	0
1260	71875	71686	0	7	4	0	10	0
1261	71775	71341	0	1	1	0	1	0
1262	71341	71775	0	1	1	0	1	0
1263	71775	71430	0	1	1	0	1	0
1264	71430	71775	0	1	1	0	1	0
1265	71319	71943	0	2	1	0	2	0
1266	71943	71319	0	1	2	0	2	0
1267	71586	71676	0	1	2	0	2	0
1268	71676	71586	0	2	1	0	2	0
1269	71586	71765	0	1	1	0	1	0
1270	71765	71586	0	1	1	0	1	0
1271	71408	71943	0	1	1	0	1	0
1272	71943	71408	0	1	1	0	1	0
1273	71408	71765	0	11	11	0	19	0
1274	71765	71408	0	11	11	0	19	0
1275	71330	71954	0	2	1	0	2	0
1276	71954	71330	0	1	2	0	2	0
1277	71419	71776	0	11	11	0	19	0
1278	71776	71419	0	11	11	0	19	0
1279	71419	71954	0	1	1	0	1	0
1280	71954	71419	0	1	1	0	1	0
1281	71597	71687	0	1	2	0	2	0
1282	71687	71597	0	2	1	0	2	0
1283	71597	71776	0	1	1	0	1	0
1284	71776	71597	0	1	1	0	1	0
1285	71339	71963	0	2	1	0	2	0
1286	71963	71339	0	1	2	0	2	0
1287	71428	71785	0	11	11	0	19	0
1288	71785	71428	0	11	11	0	19	0
1289	71428	71963	0	1	1	0	1	0
1290	71963	71428	0	1	1	0	1	0
1291	71606	71696	0	1	2	0	2	0
1292	71696	71606	0	2	1	0	2	0
1293	71606	71785	0	1	1	0	1	0
1294	71785	71606	0	1	1	0	1	0
1295	71607	71786	0	1	1	0	1	0
1296	71786	71607	0	1	1	0	1	0
1297	71607	71697	0	1	2	0	2	0
1298	71697	71607	0	2	1	0	2	0
1299	71429	71786	0	11	11	0	19	0
1300	71786	71429	0	11	11	0	19	0
1301	71340	71964	0	2	1	0	2	0
1302	71964	71340	0	1	2	0	2	0
1303	71429	71964	0	1	1	0	1	0
1304	71964	71429	0	1	1	0	1	0
1305	71518	71351	0	7	4	0	10	0
1306	71351	71518	0	4	7	0	10	0
1307	71696	71885	0	4	7	0	10	0
1308	71885	71696	0	7	4	0	10	0
1309	71785	71351	0	1	1	0	1	0
1310	71351	71785	0	1	1	0	1	0
1311	71696	71440	0	1	1	0	1	0
1312	71440	71696	0	1	1	0	1	0
1313	71785	71440	0	1	1	0	1	0
1314	71440	71785	0	1	1	0	1	0
1315	71786	71352	0	1	1	0	1	0
1316	71352	71786	0	1	1	0	1	0
1317	71786	71441	0	1	1	0	1	0
1318	71441	71786	0	1	1	0	1	0
1319	71519	71352	0	7	4	0	10	0
1320	71352	71519	0	4	7	0	10	0
1321	71697	71441	0	1	1	0	1	0
1322	71441	71697	0	1	1	0	1	0
1323	71697	71886	0	4	7	0	10	0
1324	71886	71697	0	7	4	0	10	0
1325	71618	71708	0	1	2	0	2	0
1326	71708	71618	0	2	1	0	2	0
1327	71618	71797	0	1	1	0	1	0
1328	71797	71618	0	1	1	0	1	0
1329	71351	71975	0	2	1	0	2	0
1330	71975	71351	0	1	2	0	2	0
1331	71440	71797	0	11	11	0	19	0
1332	71797	71440	0	11	11	0	19	0
1333	71440	71975	0	1	1	0	1	0
1334	71975	71440	0	1	1	0	1	0
1335	71341	71965	0	2	1	0	2	0
1336	71965	71341	0	1	2	0	2	0
1337	71430	71787	0	11	11	0	19	0
1338	71787	71430	0	11	11	0	19	0
1339	71430	71965	0	1	1	0	1	0
1340	71965	71430	0	1	1	0	1	0
1341	71608	71698	0	1	2	0	2	0
1342	71698	71608	0	2	1	0	2	0
1343	71608	71787	0	1	1	0	1	0
1344	71787	71608	0	1	1	0	1	0
1345	71352	71976	0	2	1	0	2	0
1346	71976	71352	0	1	2	0	2	0
1347	71441	71798	0	11	11	0	19	0
1348	71798	71441	0	11	11	0	19	0
1349	71441	71976	0	1	1	0	1	0
1350	71976	71441	0	1	1	0	1	0
1351	71619	71709	0	1	2	0	2	0
1352	71709	71619	0	2	1	0	2	0
1353	71619	71798	0	1	1	0	1	0
1354	71798	71619	0	1	1	0	1	0
1355	71364	71721	0	11	11	0	19	0
1356	71721	71364	0	11	11	0	19	0
1357	71364	71899	0	1	1	0	1	0
1358	71899	71364	0	1	1	0	1	0
1359	71275	71899	0	2	1	0	2	0
1360	71899	71275	0	1	2	0	2	0
1361	71542	71632	0	1	2	0	2	0
1362	71632	71542	0	2	1	0	2	0
1363	71542	71721	0	1	1	0	1	0
1364	71721	71542	0	1	1	0	1	0
1365	71276	71900	0	2	1	0	2	0
1366	71900	71276	0	1	2	0	2	0
1367	71365	71900	0	1	1	0	1	0
1368	71900	71365	0	1	1	0	1	0
1369	71365	71722	0	11	11	0	19	0
1370	71722	71365	0	11	11	0	19	0
1371	71543	71633	0	1	2	0	2	0
1372	71633	71543	0	2	1	0	2	0
1373	71543	71722	0	1	1	0	1	0
1374	71722	71543	0	1	1	0	1	0
1375	71453	71286	0	7	4	0	10	0
1376	71286	71453	0	4	7	0	10	0
1377	71631	71375	0	1	1	0	1	0
1378	71375	71631	0	1	1	0	1	0
1379	71631	71820	0	4	7	0	10	0
1380	71820	71631	0	7	4	0	10	0
1381	71720	71286	0	1	1	0	1	0
1382	71286	71720	0	1	1	0	1	0
1383	71720	71375	0	1	1	0	1	0
1384	71375	71720	0	1	1	0	1	0
1385	71632	71376	0	1	1	0	1	0
1386	71376	71632	0	1	1	0	1	0
1387	71721	71376	0	1	1	0	1	0
1388	71376	71721	0	1	1	0	1	0
1389	71721	71287	0	1	1	0	1	0
1390	71287	71721	0	1	1	0	1	0
1391	71632	71821	0	4	7	0	10	0
1392	71821	71632	0	7	4	0	10	0
1393	71454	71287	0	7	4	0	10	0
1394	71287	71454	0	4	7	0	10	0
1395	71455	71288	0	7	4	0	10	0
1396	71288	71455	0	4	7	0	10	0
1397	71633	71377	0	1	1	0	1	0
1398	71377	71633	0	1	1	0	1	0
1399	71633	71822	0	4	7	0	10	0
1400	71822	71633	0	7	4	0	10	0
1401	71722	71288	0	1	1	0	1	0
1402	71288	71722	0	1	1	0	1	0
1403	71722	71377	0	1	1	0	1	0
1404	71377	71722	0	1	1	0	1	0
1405	71286	71910	0	2	1	0	2	0
1406	71910	71286	0	1	2	0	2	0
1407	71375	71732	0	11	11	0	19	0
1408	71732	71375	0	11	11	0	19	0
1409	71375	71910	0	1	1	0	1	0
1410	71910	71375	0	1	1	0	1	0
1411	71553	71643	0	1	2	0	2	0
1412	71643	71553	0	2	1	0	2	0
1413	71553	71732	0	1	1	0	1	0
1414	71732	71553	0	1	1	0	1	0
1415	71464	71297	0	7	4	0	10	0
1416	71297	71464	0	4	7	0	10	0
1417	71642	71386	0	1	1	0	1	0
1418	71386	71642	0	1	1	0	1	0
1419	71642	71831	0	4	7	0	10	0
1420	71831	71642	0	7	4	0	10	0
1421	71731	71297	0	1	1	0	1	0
1422	71297	71731	0	1	1	0	1	0
1423	71731	71386	0	1	1	0	1	0
1424	71386	71731	0	1	1	0	1	0
1425	71376	71733	0	11	11	0	19	0
1426	71733	71376	0	11	11	0	19	0
1427	71376	71911	0	1	1	0	1	0
1428	71911	71376	0	1	1	0	1	0
1429	71287	71911	0	2	1	0	2	0
1430	71911	71287	0	1	2	0	2	0
1431	71554	71644	0	1	2	0	2	0
1432	71644	71554	0	2	1	0	2	0
1433	71554	71733	0	1	1	0	1	0
1434	71733	71554	0	1	1	0	1	0
1435	71643	71387	0	1	1	0	1	0
1436	71387	71643	0	1	1	0	1	0
1437	71732	71298	0	1	1	0	1	0
1438	71298	71732	0	1	1	0	1	0
1439	71732	71387	0	1	1	0	1	0
1440	71387	71732	0	1	1	0	1	0
1441	71643	71832	0	4	7	0	10	0
1442	71832	71643	0	7	4	0	10	0
1443	71465	71298	0	7	4	0	10	0
1444	71298	71465	0	4	7	0	10	0
1445	71466	71299	0	7	4	0	10	0
1446	71299	71466	0	4	7	0	10	0
1447	71644	71388	0	1	1	0	1	0
1448	71388	71644	0	1	1	0	1	0
1449	71644	71833	0	4	7	0	10	0
1450	71833	71644	0	7	4	0	10	0
1451	71733	71299	0	1	1	0	1	0
1452	71299	71733	0	1	1	0	1	0
1453	71733	71388	0	1	1	0	1	0
1454	71388	71733	0	1	1	0	1	0
1455	71386	71743	0	11	11	0	19	0
1456	71743	71386	0	11	11	0	19	0
1457	71564	71743	0	1	1	0	1	0
1458	71743	71564	0	1	1	0	1	0
1459	71297	71921	0	2	1	0	2	0
1460	71921	71297	0	1	2	0	2	0
1461	71386	71921	0	1	1	0	1	0
1462	71921	71386	0	1	1	0	1	0
1463	71564	71654	0	1	2	0	2	0
1464	71654	71564	0	2	1	0	2	0
1465	71298	71922	0	2	1	0	2	0
1466	71922	71298	0	1	2	0	2	0
1467	71387	71744	0	11	11	0	19	0
1468	71744	71387	0	11	11	0	19	0
1469	71387	71922	0	1	1	0	1	0
1470	71922	71387	0	1	1	0	1	0
1471	71565	71655	0	1	2	0	2	0
1472	71655	71565	0	2	1	0	2	0
1473	71565	71744	0	1	1	0	1	0
1474	71744	71565	0	1	1	0	1	0
1475	71743	71309	0	1	1	0	1	0
1476	71309	71743	0	1	1	0	1	0
1477	71743	71398	0	1	1	0	1	0
1478	71398	71743	0	1	1	0	1	0
1479	71476	71309	0	7	4	0	10	0
1480	71309	71476	0	4	7	0	10	0
1481	71654	71398	0	1	1	0	1	0
1482	71398	71654	0	1	1	0	1	0
1483	71654	71843	0	4	7	0	10	0
1484	71843	71654	0	7	4	0	10	0
1485	71477	71310	0	7	4	0	10	0
1486	71310	71477	0	4	7	0	10	0
1487	71655	71399	0	1	1	0	1	0
1488	71399	71655	0	1	1	0	1	0
1489	71655	71844	0	4	7	0	10	0
1490	71844	71655	0	7	4	0	10	0
1491	71744	71310	0	1	1	0	1	0
1492	71310	71744	0	1	1	0	1	0
1493	71744	71399	0	1	1	0	1	0
1494	71399	71744	0	1	1	0	1	0
1495	71398	71755	0	11	11	0	19	0
1496	71755	71398	0	11	11	0	19	0
1497	71309	71933	0	2	1	0	2	0
1498	71933	71309	0	1	2	0	2	0
1499	71398	71933	0	1	1	0	1	0
1500	71933	71398	0	1	1	0	1	0
1501	71576	71755	0	1	1	0	1	0
1502	71755	71576	0	1	1	0	1	0
1503	71576	71666	0	1	2	0	2	0
1504	71666	71576	0	2	1	0	2	0
1505	71665	71409	0	1	1	0	1	0
1506	71409	71665	0	1	1	0	1	0
1507	71754	71409	0	1	1	0	1	0
1508	71409	71754	0	1	1	0	1	0
1509	71487	71320	0	7	4	0	10	0
1510	71320	71487	0	4	7	0	10	0
1511	71665	71854	0	4	7	0	10	0
1512	71854	71665	0	7	4	0	10	0
1513	71754	71320	0	1	1	0	1	0
1514	71320	71754	0	1	1	0	1	0
1515	71755	71321	0	1	1	0	1	0
1516	71321	71755	0	1	1	0	1	0
1517	71755	71410	0	1	1	0	1	0
1518	71410	71755	0	1	1	0	1	0
1519	71488	71321	0	7	4	0	10	0
1520	71321	71488	0	4	7	0	10	0
1521	71666	71410	0	1	1	0	1	0
1522	71410	71666	0	1	1	0	1	0
1523	71666	71855	0	4	7	0	10	0
1524	71855	71666	0	7	4	0	10	0
1525	71934	71321	0	1	2	0	2	0
1526	71321	71934	0	2	1	0	2	0
1527	71934	71410	0	1	1	0	1	0
1528	71410	71934	0	1	1	0	1	0
1529	71756	71410	0	11	11	0	19	0
1530	71410	71756	0	11	11	0	19	0
1531	71667	71588	0	2	1	0	2	0
1532	71588	71667	0	1	2	0	2	0
1533	71756	71588	0	1	1	0	1	0
1534	71588	71756	0	1	1	0	1	0
1535	71489	71322	0	7	4	0	10	0
1536	71322	71489	0	4	7	0	10	0
1537	71667	71411	0	1	1	0	1	0
1538	71411	71667	0	1	1	0	1	0
1539	71756	71322	0	1	1	0	1	0
1540	71322	71756	0	1	1	0	1	0
1541	71756	71411	0	1	1	0	1	0
1542	71411	71756	0	1	1	0	1	0
1543	71667	71856	0	4	7	0	10	0
1544	71856	71667	0	7	4	0	10	0
1545	71409	71766	0	11	11	0	19	0
1546	71766	71409	0	11	11	0	19	0
1547	71409	71944	0	1	1	0	1	0
1548	71944	71409	0	1	1	0	1	0
1549	71320	71944	0	2	1	0	2	0
1550	71944	71320	0	1	2	0	2	0
1551	71587	71677	0	1	2	0	2	0
1552	71677	71587	0	2	1	0	2	0
1553	71587	71766	0	1	1	0	1	0
1554	71766	71587	0	1	1	0	1	0
1555	71498	71331	0	7	4	0	10	0
1556	71331	71498	0	4	7	0	10	0
1557	71676	71420	0	1	1	0	1	0
1558	71420	71676	0	1	1	0	1	0
1559	71676	71865	0	4	7	0	10	0
1560	71865	71676	0	7	4	0	10	0
1561	71765	71331	0	1	1	0	1	0
1562	71331	71765	0	1	1	0	1	0
1563	71765	71420	0	1	1	0	1	0
1564	71420	71765	0	1	1	0	1	0
1565	71677	71421	0	1	1	0	1	0
1566	71421	71677	0	1	1	0	1	0
1567	71766	71421	0	1	1	0	1	0
1568	71421	71766	0	1	1	0	1	0
1569	71677	71866	0	4	7	0	10	0
1570	71866	71677	0	7	4	0	10	0
1571	71766	71332	0	1	1	0	1	0
1572	71332	71766	0	1	1	0	1	0
1573	71499	71332	0	7	4	0	10	0
1574	71332	71499	0	4	7	0	10	0
1575	71767	71421	0	11	11	0	19	0
1576	71421	71767	0	11	11	0	19	0
1577	71945	71421	0	1	1	0	1	0
1578	71421	71945	0	1	1	0	1	0
1579	71678	71599	0	2	1	0	2	0
1580	71599	71678	0	1	2	0	2	0
1581	71767	71599	0	1	1	0	1	0
1582	71599	71767	0	1	1	0	1	0
1583	71945	71332	0	1	2	0	2	0
1584	71332	71945	0	2	1	0	2	0
1585	71331	71955	0	2	1	0	2	0
1586	71955	71331	0	1	2	0	2	0
1587	71420	71777	0	11	11	0	19	0
1588	71777	71420	0	11	11	0	19	0
1589	71420	71955	0	1	1	0	1	0
1590	71955	71420	0	1	1	0	1	0
1591	71598	71688	0	1	2	0	2	0
1592	71688	71598	0	2	1	0	2	0
1593	71598	71777	0	1	1	0	1	0
1594	71777	71598	0	1	1	0	1	0
1595	71500	71333	0	7	4	0	10	0
1596	71333	71500	0	4	7	0	10	0
1597	71678	71422	0	1	1	0	1	0
1598	71422	71678	0	1	1	0	1	0
1599	71678	71867	0	4	7	0	10	0
1600	71867	71678	0	7	4	0	10	0
1601	71767	71333	0	1	1	0	1	0
1602	71333	71767	0	1	1	0	1	0
1603	71767	71422	0	1	1	0	1	0
1604	71422	71767	0	1	1	0	1	0
1605	71509	71342	0	7	4	0	10	0
1606	71342	71509	0	4	7	0	10	0
1607	71687	71431	0	1	1	0	1	0
1608	71431	71687	0	1	1	0	1	0
1609	71687	71876	0	4	7	0	10	0
1610	71876	71687	0	7	4	0	10	0
1611	71776	71342	0	1	1	0	1	0
1612	71342	71776	0	1	1	0	1	0
1613	71776	71431	0	1	1	0	1	0
1614	71431	71776	0	1	1	0	1	0
1615	71688	71432	0	1	1	0	1	0
1616	71432	71688	0	1	1	0	1	0
1617	71777	71343	0	1	1	0	1	0
1618	71343	71777	0	1	1	0	1	0
1619	71777	71432	0	1	1	0	1	0
1620	71432	71777	0	1	1	0	1	0
1621	71688	71877	0	4	7	0	10	0
1622	71877	71688	0	7	4	0	10	0
1623	71510	71343	0	7	4	0	10	0
1624	71343	71510	0	4	7	0	10	0
1625	71689	71610	0	2	1	0	2	0
1626	71610	71689	0	1	2	0	2	0
1627	71778	71432	0	11	11	0	19	0
1628	71432	71778	0	11	11	0	19	0
1629	71778	71610	0	1	1	0	1	0
1630	71610	71778	0	1	1	0	1	0
1631	71956	71343	0	1	2	0	2	0
1632	71343	71956	0	2	1	0	2	0
1633	71956	71432	0	1	1	0	1	0
1634	71432	71956	0	1	1	0	1	0
1635	71511	71344	0	7	4	0	10	0
1636	71344	71511	0	4	7	0	10	0
1637	71689	71433	0	1	1	0	1	0
1638	71433	71689	0	1	1	0	1	0
1639	71689	71878	0	4	7	0	10	0
1640	71878	71689	0	7	4	0	10	0
1641	71778	71344	0	1	1	0	1	0
1642	71344	71778	0	1	1	0	1	0
1643	71778	71433	0	1	1	0	1	0
1644	71433	71778	0	1	1	0	1	0
1645	71431	71788	0	11	11	0	19	0
1646	71788	71431	0	11	11	0	19	0
1647	71609	71788	0	1	1	0	1	0
1648	71788	71609	0	1	1	0	1	0
1649	71342	71966	0	2	1	0	2	0
1650	71966	71342	0	1	2	0	2	0
1651	71431	71966	0	1	1	0	1	0
1652	71966	71431	0	1	1	0	1	0
1653	71609	71699	0	1	2	0	2	0
1654	71699	71609	0	2	1	0	2	0
1655	71698	71887	0	4	7	0	10	0
1656	71887	71698	0	7	4	0	10	0
1657	71520	71353	0	7	4	0	10	0
1658	71353	71520	0	4	7	0	10	0
1659	71698	71442	0	1	1	0	1	0
1660	71442	71698	0	1	1	0	1	0
1661	71787	71353	0	1	1	0	1	0
1662	71353	71787	0	1	1	0	1	0
1663	71787	71442	0	1	1	0	1	0
1664	71442	71787	0	1	1	0	1	0
1665	71788	71354	0	1	1	0	1	0
1666	71354	71788	0	1	1	0	1	0
1667	71788	71443	0	1	1	0	1	0
1668	71443	71788	0	1	1	0	1	0
1669	71699	71443	0	1	1	0	1	0
1670	71443	71699	0	1	1	0	1	0
1671	71699	71888	0	4	7	0	10	0
1672	71888	71699	0	7	4	0	10	0
1673	71521	71354	0	7	4	0	10	0
1674	71354	71521	0	4	7	0	10	0
1675	71789	71443	0	11	11	0	19	0
1676	71443	71789	0	11	11	0	19	0
1677	71789	71621	0	1	1	0	1	0
1678	71621	71789	0	1	1	0	1	0
1679	71967	71354	0	1	2	0	2	0
1680	71354	71967	0	2	1	0	2	0
1681	71967	71443	0	1	1	0	1	0
1682	71443	71967	0	1	1	0	1	0
1683	71700	71621	0	2	1	0	2	0
1684	71621	71700	0	1	2	0	2	0
1685	71353	71977	0	2	1	0	2	0
1686	71977	71353	0	1	2	0	2	0
1687	71442	71799	0	11	11	0	19	0
1688	71799	71442	0	11	11	0	19	0
1689	71442	71977	0	1	1	0	1	0
1690	71977	71442	0	1	1	0	1	0
1691	71620	71710	0	1	2	0	2	0
1692	71710	71620	0	2	1	0	2	0
1693	71620	71799	0	1	1	0	1	0
1694	71799	71620	0	1	1	0	1	0
