1	140266	140266	0	359	359	0	1933	0
2	140268	140268	0	329	329	0	1818	0
3	140270	140270	0	362	362	0	1973	0
4	140272	140272	0	329	329	0	1818	0
5	140274	140274	0	331	331	0	1769	0
6	140276	140276	0	329	329	0	1821	0
7	140278	140278	0	362	362	0	1973	0
8	140280	140280	0	329	329	0	1817	0
9	140268	140270	0	47	52	0	137	0
10	140270	140268	0	52	47	0	137	0
11	140268	140278	0	4	2	0	5	0
12	140278	140268	0	2	4	0	5	0
13	140270	140274	0	3	7	0	8	0
14	140274	140270	0	7	3	0	8	0
15	140270	140276	0	2	4	0	5	0
16	140276	140270	0	4	2	0	5	0
17	140274	140276	0	39	51	0	123	0
18	140276	140274	0	51	39	0	123	0
19	140274	140278	0	19	19	0	48	0
20	140278	140274	0	19	19	0	48	0
21	140274	140280	0	42	40	0	120	0
22	140280	140274	0	40	42	0	120	0
23	140276	140278	0	47	50	0	136	0
24	140278	140276	0	50	47	0	136	0
25	140276	140280	0	53	53	0	164	0
26	140280	140276	0	53	53	0	164	0
27	140278	140280	0	39	49	0	121	0
28	140280	140278	0	49	39	0	121	0
29	140268	140266	0	51	38	0	123	0
30	140266	140268	0	38	51	0	123	0
31	140268	140272	0	52	53	0	163	0
32	140272	140268	0	53	52	0	163	0
33	140270	140266	0	19	19	0	47	0
34	140266	140270	0	19	19	0	47	0
35	140270	140272	0	40	49	0	124	0
36	140272	140270	0	49	40	0	124	0
37	140278	140266	0	2	6	0	6	0
38	140266	140278	0	6	2	0	6	0
39	140266	140272	0	50	48	0	138	0
40	140272	140266	0	48	50	0	138	0
