1	531031	531031	0	233	233	0	1189	0
2	531033	531033	0	248	248	0	1249	0
3	531035	531035	0	239	239	0	1222	0
4	531037	531037	0	233	233	0	1174	0
5	531039	531039	0	238	238	0	1251	0
6	531041	531041	0	244	244	0	1274	0
7	531043	531043	0	244	244	0	1243	0
8	531045	531045	0	220	220	0	1110	0
9	531047	531047	0	204	204	0	1121	0
10	531049	531049	0	196	196	0	1032	0
11	531051	531051	0	201	201	0	1070	0
12	531053	531053	0	213	213	0	1131	0
13	531055	531055	0	216	216	0	1118	0
14	531057	531057	0	202	202	0	1062	0
15	531059	531059	0	233	233	0	1196	0
16	531061	531061	0	248	248	0	1249	0
17	531063	531063	0	239	239	0	1219	0
18	531065	531065	0	233	233	0	1180	0
19	531067	531067	0	238	238	0	1236	0
20	531069	531069	0	244	244	0	1277	0
21	531071	531071	0	244	244	0	1259	0
22	531073	531073	0	220	220	0	1116	0
23	531075	531075	0	204	204	0	1116	0
24	531077	531077	0	196	196	0	1036	0
25	531079	531079	0	201	201	0	1070	0
26	531081	531081	0	213	213	0	1119	0
27	531083	531083	0	216	216	0	1123	0
28	531085	531085	0	202	202	0	1065	0
29	531087	531087	0	233	233	0	1187	0
30	531089	531089	0	248	248	0	1248	0
31	531091	531091	0	239	239	0	1222	0
32	531093	531093	0	233	233	0	1165	0
33	531095	531095	0	238	238	0	1246	0
34	531097	531097	0	244	244	0	1268	0
35	531099	531099	0	244	244	0	1248	0
36	531101	531101	0	220	220	0	1117	0
37	531103	531103	0	204	204	0	1110	0
38	531105	531105	0	196	196	0	1028	0
39	531107	531107	0	201	201	0	1069	0
40	531109	531109	0	213	213	0	1120	0
41	531111	531111	0	216	216	0	1108	0
42	531113	531113	0	202	202	0	1050	0
43	531115	531115	0	233	233	0	1193	0
44	531117	531117	0	248	248	0	1254	0
45	531119	531119	0	239	239	0	1215	0
46	531121	531121	0	233	233	0	1173	0
47	531123	531123	0	238	238	0	1241	0
48	531125	531125	0	244	244	0	1275	0
49	531127	531127	0	244	244	0	1248	0
50	531129	531129	0	220	220	0	1117	0
51	531131	531131	0	204	204	0	1110	0
52	531133	531133	0	196	196	0	1037	0
53	531135	531135	0	201	201	0	1067	0
54	531137	531137	0	213	213	0	1127	0
55	531139	531139	0	216	216	0	1118	0
56	531141	531141	0	202	202	0	1060	0
57	531031	531033	0	39	34	0	96	0
58	531033	531031	0	34	39	0	96	0
59	531031	531035	0	3	4	0	6	0
60	531035	531031	0	4	3	0	6	0
61	531031	531037	0	1	3	0	3	0
62	531037	531031	0	3	1	0	3	0
63	531031	531041	0	4	7	0	10	0
64	531041	531031	0	7	4	0	10	0
65	531031	531043	0	32	36	0	92	0
66	531043	531031	0	36	32	0	92	0
67	531031	531045	0	11	11	0	22	0
68	531045	531031	0	11	11	0	22	0
69	531031	531047	0	11	11	0	26	0
70	531047	531031	0	11	11	0	26	0
71	531033	531035	0	40	31	0	90	0
72	531035	531033	0	31	40	0	90	0
73	531033	531037	0	3	5	0	7	0
74	531037	531033	0	5	3	0	7	0
75	531033	531039	0	3	5	0	7	0
76	531039	531033	0	5	3	0	7	0
77	531033	531041	0	3	4	0	5	0
78	531041	531033	0	4	3	0	5	0
79	531033	531043	0	2	3	0	4	0
80	531043	531033	0	3	2	0	4	0
81	531033	531047	0	12	9	0	20	0
82	531047	531033	0	9	12	0	20	0
83	531033	531049	0	11	12	0	30	0
84	531049	531033	0	12	11	0	30	0
85	531035	531037	0	35	37	0	102	0
86	531037	531035	0	37	35	0	102	0
87	531035	531039	0	1	1	0	1	0
88	531039	531035	0	1	1	0	1	0
89	531035	531049	0	11	9	0	22	0
90	531049	531035	0	9	11	0	22	0
91	531037	531039	0	38	32	0	84	0
92	531039	531037	0	32	38	0	84	0
93	531039	531041	0	34	34	0	95	0
94	531041	531039	0	34	34	0	95	0
95	531041	531043	0	36	32	0	95	0
96	531043	531041	0	32	36	0	95	0
97	531043	531045	0	15	11	0	32	0
98	531045	531043	0	11	15	0	32	0
99	531045	531047	0	39	43	0	99	0
100	531047	531045	0	43	39	0	99	0
101	531047	531049	0	22	22	0	49	0
102	531049	531047	0	22	22	0	49	0
103	531039	531087	0	1	1	0	1	0
104	531087	531039	0	1	1	0	1	0
105	531045	531081	0	31	30	0	82	0
106	531081	531045	0	30	31	0	82	0
107	531045	531083	0	16	18	0	37	0
108	531083	531045	0	18	16	0	37	0
109	531047	531079	0	20	24	0	58	0
110	531079	531047	0	24	20	0	58	0
111	531047	531081	0	17	19	0	44	0
112	531081	531047	0	19	17	0	44	0
113	531049	531079	0	16	14	0	38	0
114	531079	531049	0	14	16	0	38	0
115	531035	531051	0	11	13	0	26	0
116	531051	531035	0	13	11	0	26	0
117	531037	531051	0	16	10	0	34	0
118	531051	531037	0	10	16	0	34	0
119	531037	531053	0	12	15	0	32	0
120	531053	531037	0	15	12	0	32	0
121	531039	531053	0	12	10	0	21	0
122	531053	531039	0	10	12	0	21	0
123	531039	531055	0	11	13	0	32	0
124	531055	531039	0	13	11	0	32	0
125	531041	531055	0	11	7	0	19	0
126	531055	531041	0	7	11	0	19	0
127	531041	531057	0	13	11	0	25	0
128	531057	531041	0	11	13	0	25	0
129	531043	531057	0	10	10	0	20	0
130	531057	531043	0	10	10	0	20	0
131	531045	531057	0	17	15	0	32	0
132	531057	531045	0	15	17	0	32	0
133	531049	531051	0	16	16	0	34	0
134	531051	531049	0	16	16	0	34	0
135	531049	531077	0	17	18	0	50	0
136	531077	531049	0	18	17	0	50	0
137	531039	531103	0	2	1	0	2	0
138	531103	531039	0	1	2	0	2	0
139	531087	531089	0	39	34	0	97	0
140	531089	531087	0	34	39	0	97	0
141	531087	531091	0	3	4	0	6	0
142	531091	531087	0	4	3	0	6	0
143	531087	531093	0	1	3	0	3	0
144	531093	531087	0	3	1	0	3	0
145	531087	531097	0	4	7	0	9	0
146	531097	531087	0	7	4	0	9	0
147	531087	531099	0	32	36	0	95	0
148	531099	531087	0	36	32	0	95	0
149	531087	531101	0	11	10	0	22	0
150	531101	531087	0	10	11	0	22	0
151	531087	531103	0	11	11	0	26	0
152	531103	531087	0	11	11	0	26	0
153	531063	531065	0	35	36	0	95	0
154	531065	531063	0	36	35	0	95	0
155	531063	531067	0	1	1	0	1	0
156	531067	531063	0	1	1	0	1	0
157	531063	531079	0	12	12	0	26	0
158	531079	531063	0	12	12	0	26	0
159	531065	531067	0	36	31	0	85	0
160	531067	531065	0	31	36	0	85	0
161	531065	531079	0	15	10	0	32	0
162	531079	531065	0	10	15	0	32	0
163	531065	531081	0	13	14	0	32	0
164	531081	531065	0	14	13	0	32	0
165	531067	531069	0	35	32	0	96	0
166	531069	531067	0	32	35	0	96	0
167	531067	531081	0	12	11	0	21	0
168	531081	531067	0	11	12	0	21	0
169	531067	531083	0	11	13	0	32	0
170	531083	531067	0	13	11	0	32	0
171	531069	531083	0	11	7	0	20	0
172	531083	531069	0	7	11	0	20	0
173	531079	531081	0	18	17	0	33	0
174	531081	531079	0	17	18	0	33	0
175	531081	531083	0	26	25	0	65	0
176	531083	531081	0	25	26	0	65	0
177	531063	531059	0	4	3	0	5	0
178	531059	531063	0	3	4	0	5	0
179	531063	531061	0	32	40	0	94	0
180	531061	531063	0	40	32	0	94	0
181	531063	531077	0	11	8	0	21	0
182	531077	531063	0	8	11	0	21	0
183	531065	531059	0	2	1	0	2	0
184	531059	531065	0	1	2	0	2	0
185	531065	531061	0	5	3	0	7	0
186	531061	531065	0	3	5	0	7	0
187	531067	531059	0	1	1	0	1	0
188	531059	531067	0	1	1	0	1	0
189	531067	531061	0	5	3	0	7	0
190	531061	531067	0	3	5	0	7	0
191	531069	531059	0	7	4	0	8	0
192	531059	531069	0	4	7	0	8	0
193	531069	531061	0	4	3	0	5	0
194	531061	531069	0	3	4	0	5	0
195	531069	531071	0	35	31	0	93	0
196	531071	531069	0	31	35	0	93	0
197	531069	531085	0	13	11	0	27	0
198	531085	531069	0	11	13	0	27	0
199	531079	531077	0	16	16	0	36	0
200	531077	531079	0	16	16	0	36	0
201	531083	531057	0	25	27	0	67	0
202	531057	531083	0	27	25	0	67	0
203	531083	531085	0	22	19	0	46	0
204	531085	531083	0	19	22	0	46	0
205	531051	531053	0	18	16	0	34	0
206	531053	531051	0	16	18	0	34	0
207	531051	531075	0	25	19	0	59	0
208	531075	531051	0	19	25	0	59	0
209	531051	531077	0	13	16	0	37	0
210	531077	531051	0	16	13	0	37	0
211	531053	531055	0	26	25	0	64	0
212	531055	531053	0	25	26	0	64	0
213	531053	531073	0	29	31	0	81	0
214	531073	531053	0	31	29	0	81	0
215	531053	531075	0	18	17	0	42	0
216	531075	531053	0	17	18	0	42	0
217	531053	531137	0	8	8	0	12	0
218	531137	531053	0	8	8	0	12	0
219	531055	531057	0	22	19	0	46	0
220	531057	531055	0	19	22	0	46	0
221	531055	531073	0	17	17	0	36	0
222	531073	531055	0	17	17	0	36	0
223	531055	531085	0	23	29	0	69	0
224	531085	531055	0	29	23	0	69	0
225	531057	531085	0	22	22	0	56	0
226	531085	531057	0	22	22	0	56	0
227	531059	531061	0	39	34	0	95	0
228	531061	531059	0	34	39	0	95	0
229	531059	531071	0	34	36	0	95	0
230	531071	531059	0	36	34	0	95	0
231	531059	531073	0	10	10	0	21	0
232	531073	531059	0	10	10	0	21	0
233	531059	531075	0	11	11	0	26	0
234	531075	531059	0	11	11	0	26	0
235	531059	531123	0	1	1	0	1	0
236	531123	531059	0	1	1	0	1	0
237	531061	531071	0	2	3	0	4	0
238	531071	531061	0	3	2	0	4	0
239	531061	531075	0	12	9	0	20	0
240	531075	531061	0	9	12	0	20	0
241	531061	531077	0	11	13	0	30	0
242	531077	531061	0	13	11	0	30	0
243	531071	531073	0	15	11	0	32	0
244	531073	531071	0	11	15	0	32	0
245	531071	531085	0	10	10	0	20	0
246	531085	531071	0	10	10	0	20	0
247	531073	531075	0	39	41	0	99	0
248	531075	531073	0	41	39	0	99	0
249	531073	531085	0	17	14	0	31	0
250	531085	531073	0	14	17	0	31	0
251	531073	531137	0	1	1	0	1	0
252	531137	531073	0	1	1	0	1	0
253	531075	531077	0	22	21	0	47	0
254	531077	531075	0	21	22	0	47	0
255	531075	531123	0	1	2	0	2	0
256	531123	531075	0	2	1	0	2	0
257	531121	531123	0	38	32	0	89	0
258	531123	531121	0	32	38	0	89	0
259	531121	531135	0	13	10	0	30	0
260	531135	531121	0	10	13	0	30	0
261	531121	531137	0	12	14	0	31	0
262	531137	531121	0	14	12	0	31	0
263	531123	531125	0	34	34	0	99	0
264	531125	531123	0	34	34	0	99	0
265	531123	531137	0	11	10	0	20	0
266	531137	531123	0	10	11	0	20	0
267	531123	531139	0	11	13	0	33	0
268	531139	531123	0	13	11	0	33	0
269	531125	531139	0	10	8	0	18	0
270	531139	531125	0	8	10	0	18	0
271	531135	531137	0	19	18	0	36	0
272	531137	531135	0	18	19	0	36	0
273	531137	531139	0	24	24	0	61	0
274	531139	531137	0	24	24	0	61	0
275	531053	531101	0	1	2	0	2	0
276	531101	531053	0	2	1	0	2	0
277	531125	531141	0	12	11	0	25	0
278	531141	531125	0	11	12	0	25	0
279	531135	531103	0	24	20	0	59	0
280	531103	531135	0	20	24	0	59	0
281	531135	531105	0	15	16	0	38	0
282	531105	531135	0	16	15	0	38	0
283	531135	531133	0	16	16	0	36	0
284	531133	531135	0	16	16	0	36	0
285	531137	531101	0	28	31	0	79	0
286	531101	531137	0	31	28	0	79	0
287	531137	531103	0	18	16	0	41	0
288	531103	531137	0	16	18	0	41	0
289	531139	531101	0	18	17	0	37	0
290	531101	531139	0	17	18	0	37	0
291	531139	531113	0	25	27	0	70	0
292	531113	531139	0	27	25	0	70	0
293	531139	531141	0	22	19	0	48	0
294	531141	531139	0	19	22	0	48	0
295	531121	531119	0	35	34	0	97	0
296	531119	531121	0	34	35	0	97	0
297	531123	531119	0	1	1	0	1	0
298	531119	531123	0	1	1	0	1	0
299	531125	531127	0	36	31	0	93	0
300	531127	531125	0	31	36	0	93	0
301	531135	531119	0	13	11	0	27	0
302	531119	531135	0	11	13	0	27	0
303	531121	531115	0	1	1	0	1	0
304	531115	531121	0	1	1	0	1	0
305	531121	531117	0	5	2	0	7	0
306	531117	531121	0	2	5	0	7	0
307	531123	531115	0	1	1	0	1	0
308	531115	531123	0	1	1	0	1	0
309	531123	531117	0	4	3	0	6	0
310	531117	531123	0	3	4	0	6	0
311	531125	531115	0	6	3	0	7	0
312	531115	531125	0	3	6	0	7	0
313	531125	531117	0	4	3	0	5	0
314	531117	531125	0	3	4	0	5	0
315	531089	531091	0	40	32	0	94	0
316	531091	531089	0	32	40	0	94	0
317	531089	531093	0	3	5	0	7	0
318	531093	531089	0	5	3	0	7	0
319	531089	531095	0	3	5	0	7	0
320	531095	531089	0	5	3	0	7	0
321	531089	531097	0	3	4	0	5	0
322	531097	531089	0	4	3	0	5	0
323	531089	531099	0	2	3	0	4	0
324	531099	531089	0	3	2	0	4	0
325	531089	531103	0	12	9	0	20	0
326	531103	531089	0	9	12	0	20	0
327	531089	531105	0	11	13	0	31	0
328	531105	531089	0	13	11	0	31	0
329	531091	531093	0	35	35	0	96	0
330	531093	531091	0	35	35	0	96	0
331	531091	531105	0	11	10	0	23	0
332	531105	531091	0	10	11	0	23	0
333	531091	531107	0	12	12	0	25	0
334	531107	531091	0	12	12	0	25	0
335	531093	531095	0	35	30	0	79	0
336	531095	531093	0	30	35	0	79	0
337	531093	531107	0	14	10	0	30	0
338	531107	531093	0	10	14	0	30	0
339	531093	531109	0	12	15	0	32	0
340	531109	531093	0	15	12	0	32	0
341	531095	531097	0	36	32	0	96	0
342	531097	531095	0	32	36	0	96	0
343	531095	531109	0	11	10	0	20	0
344	531109	531095	0	10	11	0	20	0
345	531095	531111	0	11	13	0	32	0
346	531111	531095	0	13	11	0	32	0
347	531097	531099	0	35	31	0	92	0
348	531099	531097	0	31	35	0	92	0
349	531097	531111	0	10	7	0	18	0
350	531111	531097	0	7	10	0	18	0
351	531097	531113	0	12	11	0	25	0
352	531113	531097	0	11	12	0	25	0
353	531099	531101	0	15	11	0	32	0
354	531101	531099	0	11	15	0	32	0
355	531099	531113	0	10	10	0	20	0
356	531113	531099	0	10	10	0	20	0
357	531101	531103	0	39	42	0	98	0
358	531103	531101	0	42	39	0	98	0
359	531101	531113	0	18	14	0	33	0
360	531113	531101	0	14	18	0	33	0
361	531103	531105	0	22	21	0	49	0
362	531105	531103	0	21	22	0	49	0
363	531105	531107	0	15	15	0	34	0
364	531107	531105	0	15	15	0	34	0
365	531105	531133	0	19	20	0	55	0
366	531133	531105	0	20	19	0	55	0
367	531107	531109	0	18	16	0	34	0
368	531109	531107	0	16	18	0	34	0
369	531107	531131	0	24	19	0	59	0
370	531131	531107	0	19	24	0	59	0
371	531107	531133	0	13	16	0	36	0
372	531133	531107	0	16	13	0	36	0
373	531109	531111	0	24	23	0	61	0
374	531111	531109	0	23	24	0	61	0
375	531109	531129	0	29	33	0	87	0
376	531129	531109	0	33	29	0	87	0
377	531109	531131	0	18	17	0	42	0
378	531131	531109	0	17	18	0	42	0
379	531111	531113	0	23	19	0	48	0
380	531113	531111	0	19	23	0	48	0
381	531111	531129	0	19	18	0	39	0
382	531129	531111	0	18	19	0	39	0
383	531111	531141	0	23	27	0	65	0
384	531141	531111	0	27	23	0	65	0
385	531113	531141	0	22	22	0	57	0
386	531141	531113	0	22	22	0	57	0
387	531129	531131	0	39	40	0	98	0
388	531131	531129	0	40	39	0	98	0
389	531129	531141	0	17	14	0	31	0
390	531141	531129	0	14	17	0	31	0
391	531131	531133	0	22	21	0	48	0
392	531133	531131	0	21	22	0	48	0
393	531129	531127	0	11	15	0	34	0
394	531127	531129	0	15	11	0	34	0
395	531133	531119	0	9	11	0	22	0
396	531119	531133	0	11	9	0	22	0
397	531141	531127	0	9	10	0	19	0
398	531127	531141	0	10	9	0	19	0
399	531129	531115	0	10	10	0	20	0
400	531115	531129	0	10	10	0	20	0
401	531131	531115	0	11	11	0	26	0
402	531115	531131	0	11	11	0	26	0
403	531131	531117	0	9	12	0	21	0
404	531117	531131	0	12	9	0	21	0
405	531133	531117	0	14	11	0	30	0
406	531117	531133	0	11	14	0	30	0
407	531119	531115	0	4	3	0	6	0
408	531115	531119	0	3	4	0	6	0
409	531119	531117	0	31	40	0	91	0
410	531117	531119	0	40	31	0	91	0
411	531127	531115	0	36	35	0	96	0
412	531115	531127	0	35	36	0	96	0
413	531127	531117	0	3	2	0	4	0
414	531117	531127	0	2	3	0	4	0
415	531115	531117	0	39	35	0	95	0
416	531117	531115	0	35	39	0	95	0
