33	34	1	1	1	1	0	0	0	0	0	0	0	0	0	0	0	0	1	0	0	0	1	C	110		D	115		3.78
33	34	1	0	1	0	0	0	0	0	0	0	0	0	0	0	0	0	0	0	0	0	0	C	110		D	112		3.60
33	34	1	1	1	1	0	0	0	0	1	0	0	1	0	0	0	0	0	0	0	0	0	C	110		D	116		3.36
33	34	1	0	0	1	0	0	0	0	0	0	0	0	0	0	0	0	1	0	0	0	1	C	123		D	33		4.18
33	34	1	1	1	1	0	0	0	0	0	0	0	0	0	0	0	0	1	0	0	0	1	C	123		D	34		3.82
33	34	1	0	0	1	0	1	0	0	0	0	0	0	0	0	1	0	1	0	1	0	1	C	103		D	108		3.36
33	34	0	0	0	1	0	0	0	0	0	0	0	0	0	0	1	0	1	0	1	0	1	C	103		D	131		2.83
33	34	0	0	0	1	0	0	0	0	0	0	0	0	0	0	0	0	1	0	0	0	1	C	103		D	111		4.23
33	34	1	0	0	1	0	1	0	0	0	0	0	0	0	0	1	0	1	0	1	0	1	C	103		D	112		4.36
33	34	0	0	0	1	0	0	0	0	0	0	0	0	0	0	1	0	0	0	1	0	0	C	103		D	127		4.07
33	34	0	1	0	0	0	0	0	0	1	0	0	0	0	0	0	0	0	0	0	0	0	C	118		D	30		3.47
33	34	0	1	0	1	0	0	0	0	0	0	0	0	0	0	0	0	1	0	0	0	1	C	30		D	124		4.27
33	34	0	0	0	1	0	0	0	0	0	0	0	0	0	0	1	0	1	0	1	0	1	C	126		D	35		3.51
33	34	0	0	0	1	0	0	0	0	0	0	0	0	0	0	0	0	1	0	0	0	1	C	126		D	34		4.12
33	34	0	1	0	1	0	0	0	0	0	0	0	0	0	0	0	0	0	0	0	0	0	C	27		D	124		4.57
33	34	0	0	0	1	0	0	0	0	0	0	0	0	0	0	0	0	1	0	0	0	1	C	119		D	55		3.86
33	34	0	0	0	1	0	0	0	0	0	0	0	0	0	0	0	0	1	0	0	0	1	C	119		D	26		4.48
33	34	0	1	0	1	0	0	0	0	0	0	0	0	0	0	0	0	0	0	0	0	0	C	119		D	33		3.92
33	34	0	1	0	0	0	0	0	0	0	0	0	0	0	0	0	0	0	0	0	0	0	C	119		D	34		4.22
33	34	0	1	0	1	0	0	0	0	0	0	0	0	0	0	0	0	1	0	0	0	1	C	119		D	30		3.64
33	34	1	0	0	1	0	0	0	0	0	0	0	0	0	0	0	0	1	0	0	0	1	C	117		D	112		4.47
33	34	0	1	0	1	0	0	0	0	1	0	0	0	0	0	0	0	0	0	0	0	0	C	117		D	116		3.65
33	34	0	1	0	1	0	0	0	0	1	0	0	0	0	0	0	0	1	0	0	0	1	C	117		D	30		2.91
33	34	0	1	0	0	0	0	0	0	1	0	0	0	0	0	0	0	0	0	0	0	0	C	113		D	116		4.33
33	34	0	0	0	1	0	0	0	0	0	0	0	0	0	0	0	0	1	0	0	0	1	C	36		D	131		3.88
33	34	1	0	0	0	0	1	0	0	0	0	0	0	0	0	0	0	0	0	0	0	0	C	31		D	123		3.68
33	34	1	1	1	1	0	0	0	0	0	0	0	0	0	0	0	0	1	0	0	0	1	C	31		D	124		3.71
33	34	1	0	0	1	0	1	0	0	0	0	0	0	0	0	0	0	0	0	0	0	0	C	31		D	122		2.89
33	34	1	1	0	1	0	0	0	0	1	0	0	0	0	0	1	0	1	0	1	0	1	C	31		D	127		2.83
33	34	0	1	0	1	0	0	0	0	0	0	0	0	0	0	0	0	1	0	0	0	1	C	106		D	112		4.38
33	34	1	1	1	1	0	0	0	0	0	0	0	1	0	0	0	0	1	0	0	0	1	C	111		D	115		3.48
33	34	1	0	1	0	0	0	0	0	0	0	0	1	0	0	0	0	0	0	0	0	0	C	111		D	119		3.42
33	34	0	0	1	0	0	0	0	0	0	0	0	0	0	0	0	0	0	0	0	0	0	C	111		D	116		4.50
33	34	0	0	1	0	0	0	0	0	0	0	0	1	0	0	0	0	0	0	0	0	0	C	111		D	120		4.11
33	34	0	0	0	1	0	0	0	0	0	0	0	0	0	0	0	0	0	0	0	0	0	C	122		D	109		4.81
33	34	0	0	0	1	0	0	0	0	0	0	0	0	0	0	1	0	1	0	1	0	1	C	122		D	112		3.91
33	34	0	1	0	1	0	0	0	0	0	0	0	0	0	0	0	0	1	0	0	0	1	C	122		D	34		3.72
33	34	0	1	0	1	0	0	0	0	0	0	0	0	0	0	1	0	0	0	1	0	0	C	122		D	30		3.04
33	34	1	1	1	1	0	0	0	0	1	0	0	0	0	0	0	0	0	0	0	0	0	C	114		D	116		2.69
33	34	0	1	0	0	0	0	0	0	1	0	0	0	0	0	0	0	0	0	0	0	0	C	115		D	116		4.62
33	34	0	1	0	1	0	0	0	0	0	0	0	0	0	0	1	0	1	0	1	0	1	C	104		D	127		4.07
33	34	1	0	0	1	0	0	0	0	0	0	0	0	0	0	0	0	1	0	0	0	1	C	34		D	125		3.92
33	34	1	0	0	1	0	0	0	0	0	0	0	0	0	0	0	0	0	0	0	0	0	C	34		D	124		3.89
33	34	0	1	1	1	0	0	0	0	0	0	0	0	0	0	0	0	0	0	0	0	0	C	34		D	128		3.60
33	34	0	1	0	0	0	0	0	0	0	0	0	0	0	0	0	0	0	0	0	0	0	C	120		D	33		4.75
33	34	0	1	0	1	0	0	0	0	0	0	0	0	0	0	0	0	1	0	0	0	1	C	120		D	51		4.36
33	34	0	1	0	1	0	0	0	0	0	0	0	0	0	0	0	0	1	0	0	0	1	C	107		D	115		3.68
33	34	0	0	0	1	0	0	0	0	0	0	0	0	0	0	0	0	0	0	0	0	0	C	107		D	122		4.37
33	34	1	0	0	1	0	0	0	0	0	0	0	0	0	0	0	0	1	0	0	0	1	C	107		D	111		3.85
33	34	1	1	0	1	0	0	0	0	1	0	0	0	0	0	0	0	1	0	0	0	1	C	107		D	112		4.14
33	34	0	0	0	1	0	0	0	0	0	0	0	0	0	0	0	0	1	0	0	0	1	C	107		D	127		3.52
33	34	1	0	0	0	0	1	0	0	0	0	0	0	0	0	0	0	0	0	0	0	0	C	35		D	124		4.78
33	34	0	1	0	1	0	0	0	0	0	0	0	0	0	0	1	0	1	0	1	0	1	C	35		D	131		3.60
33	34	1	0	0	1	0	1	0	0	0	0	0	0	0	0	1	0	1	0	1	0	1	C	35		D	127		3.60
33	34	1	1	1	1	0	1	0	0	0	0	0	0	0	0	0	0	1	0	0	0	1	C	35		D	128		3.50
34	33	1	1	1	1	0	0	0	0	0	0	0	0	0	0	0	0	1	0	0	0	1	D	115		C	110		3.78
34	33	0	1	1	0	0	0	0	0	0	0	0	0	0	0	0	0	0	0	0	0	0	D	112		C	110		3.60
34	33	1	1	1	1	0	1	0	0	0	0	0	1	0	0	0	0	0	0	0	0	0	D	116		C	110		3.36
34	33	0	1	0	1	0	0	0	0	0	0	0	0	0	0	0	0	1	0	0	0	1	D	33		C	123		4.18
34	33	1	1	1	1	0	0	0	0	0	0	0	0	0	0	0	0	1	0	0	0	1	D	34		C	123		3.82
34	33	0	1	0	1	0	0	0	0	1	0	0	0	0	0	1	0	1	0	1	0	1	D	108		C	103		3.36
34	33	0	0	0	1	0	0	0	0	0	0	0	0	0	0	1	0	1	0	1	0	1	D	131		C	103		2.83
34	33	0	0	0	1	0	0	0	0	0	0	0	0	0	0	0	0	1	0	0	0	1	D	111		C	103		4.23
34	33	0	1	0	1	0	0	0	0	1	0	0	0	0	0	1	0	1	0	1	0	1	D	112		C	103		4.36
34	33	0	0	0	1	0	0	0	0	0	0	0	0	0	0	1	0	0	0	1	0	0	D	127		C	103		4.07
34	33	1	0	0	0	0	1	0	0	0	0	0	0	0	0	0	0	0	0	0	0	0	D	30		C	118		3.47
34	33	1	0	0	1	0	0	0	0	0	0	0	0	0	0	0	0	1	0	0	0	1	D	124		C	30		4.27
34	33	0	0	0	1	0	0	0	0	0	0	0	0	0	0	1	0	1	0	1	0	1	D	35		C	126		3.51
34	33	0	0	0	1	0	0	0	0	0	0	0	0	0	0	0	0	1	0	0	0	1	D	34		C	126		4.12
34	33	1	0	0	1	0	0	0	0	0	0	0	0	0	0	0	0	0	0	0	0	0	D	124		C	27		4.57
34	33	0	0	0	1	0	0	0	0	0	0	0	0	0	0	0	0	1	0	0	0	1	D	55		C	119		3.86
34	33	0	0	0	1	0	0	0	0	0	0	0	0	0	0	0	0	1	0	0	0	1	D	26		C	119		4.48
34	33	1	0	0	1	0	0	0	0	0	0	0	0	0	0	0	0	0	0	0	0	0	D	33		C	119		3.92
34	33	1	0	0	0	0	0	0	0	0	0	0	0	0	0	0	0	0	0	0	0	0	D	34		C	119		4.22
34	33	1	0	0	1	0	0	0	0	0	0	0	0	0	0	0	0	1	0	0	0	1	D	30		C	119		3.64
34	33	0	1	0	1	0	0	0	0	0	0	0	0	0	0	0	0	1	0	0	0	1	D	112		C	117		4.47
34	33	1	0	0	1	0	1	0	0	0	0	0	0	0	0	0	0	0	0	0	0	0	D	116		C	117		3.65
34	33	1	0	0	1	0	1	0	0	0	0	0	0	0	0	0	0	1	0	0	0	1	D	30		C	117		2.91
34	33	1	0	0	0	0	1	0	0	0	0	0	0	0	0	0	0	0	0	0	0	0	D	116		C	113		4.33
34	33	0	0	0	1	0	0	0	0	0	0	0	0	0	0	0	0	1	0	0	0	1	D	131		C	36		3.88
34	33	0	1	0	0	0	0	0	0	1	0	0	0	0	0	0	0	0	0	0	0	0	D	123		C	31		3.68
34	33	1	1	1	1	0	0	0	0	0	0	0	0	0	0	0	0	1	0	0	0	1	D	124		C	31		3.71
34	33	0	1	0	1	0	0	0	0	1	0	0	0	0	0	0	0	0	0	0	0	0	D	122		C	31		2.89
34	33	1	1	0	1	0	1	0	0	0	0	0	0	0	0	1	0	1	0	1	0	1	D	127		C	31		2.83
34	33	1	0	0	1	0	0	0	0	0	0	0	0	0	0	0	0	1	0	0	0	1	D	112		C	106		4.38
34	33	1	1	1	1	0	0	0	0	0	0	0	1	0	0	0	0	1	0	0	0	1	D	115		C	111		3.48
34	33	0	1	1	0	0	0	0	0	0	0	0	1	0	0	0	0	0	0	0	0	0	D	119		C	111		3.42
34	33	0	0	1	0	0	0	0	0	0	0	0	0	0	0	0	0	0	0	0	0	0	D	116		C	111		4.50
34	33	0	0	1	0	0	0	0	0	0	0	0	1	0	0	0	0	0	0	0	0	0	D	120		C	111		4.11
34	33	0	0	0	1	0	0	0	0	0	0	0	0	0	0	0	0	0	0	0	0	0	D	109		C	122		4.81
34	33	0	0	0	1	0	0	0	0	0	0	0	0	0	0	1	0	1	0	1	0	1	D	112		C	122		3.91
34	33	1	0	0	1	0	0	0	0	0	0	0	0	0	0	0	0	1	0	0	0	1	D	34		C	122		3.72
34	33	1	0	0	1	0	0	0	0	0	0	0	0	0	0	1	0	0	0	1	0	0	D	30		C	122		3.04
34	33	1	1	1	1	0	1	0	0	0	0	0	0	0	0	0	0	0	0	0	0	0	D	116		C	114		2.69
34	33	1	0	0	0	0	1	0	0	0	0	0	0	0	0	0	0	0	0	0	0	0	D	116		C	115		4.62
34	33	1	0	0	1	0	0	0	0	0	0	0	0	0	0	1	0	1	0	1	0	1	D	127		C	104		4.07
34	33	0	1	0	1	0	0	0	0	0	0	0	0	0	0	0	0	1	0	0	0	1	D	125		C	34		3.92
34	33	0	1	0	1	0	0	0	0	0	0	0	0	0	0	0	0	0	0	0	0	0	D	124		C	34		3.89
34	33	1	0	1	1	0	0	0	0	0	0	0	0	0	0	0	0	0	0	0	0	0	D	128		C	34		3.60
34	33	1	0	0	0	0	0	0	0	0	0	0	0	0	0	0	0	0	0	0	0	0	D	33		C	120		4.75
34	33	1	0	0	1	0	0	0	0	0	0	0	0	0	0	0	0	1	0	0	0	1	D	51		C	120		4.36
34	33	1	0	0	1	0	0	0	0	0	0	0	0	0	0	0	0	1	0	0	0	1	D	115		C	107		3.68
34	33	0	0	0	1	0	0	0	0	0	0	0	0	0	0	0	0	0	0	0	0	0	D	122		C	107		4.37
34	33	0	1	0	1	0	0	0	0	0	0	0	0	0	0	0	0	1	0	0	0	1	D	111		C	107		3.85
34	33	1	1	0	1	0	1	0	0	0	0	0	0	0	0	0	0	1	0	0	0	1	D	112		C	107		4.14
34	33	0	0	0	1	0	0	0	0	0	0	0	0	0	0	0	0	1	0	0	0	1	D	127		C	107		3.52
34	33	0	1	0	0	0	0	0	0	1	0	0	0	0	0	0	0	0	0	0	0	0	D	124		C	35		4.78
34	33	1	0	0	1	0	0	0	0	0	0	0	0	0	0	1	0	1	0	1	0	1	D	131		C	35		3.60
34	33	0	1	0	1	0	0	0	0	1	0	0	0	0	0	1	0	1	0	1	0	1	D	127		C	35		3.60
34	33	1	1	1	1	0	0	0	0	1	0	0	0	0	0	0	0	1	0	0	0	1	D	128		C	35		3.50
