31	32	1	0	0	1	0	0	0	0	0	0	0	0	0	0	0	0	0	0	0	0	0	A	110		B	112		3.83
31	32	1	1	1	1	0	0	0	0	0	0	0	0	0	0	0	0	1	0	0	0	1	A	110		B	115		3.81
31	32	1	1	1	1	0	0	0	0	1	0	0	1	0	0	0	0	0	0	0	0	0	A	110		B	116		3.41
31	32	1	0	0	1	0	0	0	0	0	0	0	0	0	0	0	0	1	0	0	0	1	A	123		B	33		4.19
31	32	1	1	1	1	0	0	0	0	0	0	0	0	0	0	0	0	1	0	0	0	1	A	123		B	34		3.97
31	32	1	1	0	1	0	1	0	0	1	0	0	0	0	0	1	0	1	0	1	0	1	A	103		B	112		4.22
31	32	0	0	0	1	0	0	0	0	0	0	0	0	0	0	1	0	1	0	1	0	1	A	103		B	131		2.88
31	32	0	0	0	1	0	0	0	0	0	0	0	0	0	0	0	0	1	0	0	0	1	A	103		B	111		4.06
31	32	1	0	0	1	0	1	0	0	0	0	0	0	0	0	1	0	1	0	1	0	1	A	103		B	108		3.52
31	32	0	0	0	1	0	0	0	0	0	0	0	0	0	0	1	0	0	0	1	0	0	A	103		B	127		4.23
31	32	0	1	0	0	0	0	0	0	1	0	0	0	0	0	0	0	0	0	0	0	0	A	118		B	30		3.39
31	32	0	1	0	1	0	0	0	0	0	0	0	0	0	0	0	0	1	0	0	0	1	A	30		B	124		4.36
31	32	0	0	0	1	0	0	0	0	0	0	0	0	0	0	1	0	1	0	1	0	1	A	126		B	35		3.27
31	32	0	0	0	1	0	0	0	0	0	0	0	0	0	0	0	0	1	0	0	0	1	A	126		B	34		4.00
31	32	0	0	0	1	0	0	0	0	0	0	0	0	0	0	0	0	0	0	0	0	0	A	27		B	124		4.86
31	32	0	0	0	1	0	0	0	0	0	0	0	0	0	0	0	0	0	0	0	0	0	A	119		B	51		4.90
31	32	0	0	0	1	0	0	0	0	0	0	0	0	0	0	0	0	1	0	0	0	1	A	119		B	55		3.86
31	32	0	1	0	1	0	0	0	0	0	0	0	0	0	0	0	0	0	0	0	0	0	A	119		B	33		3.81
31	32	0	1	0	0	0	0	0	0	0	0	0	0	0	0	0	0	0	0	0	0	0	A	119		B	34		4.41
31	32	0	1	0	1	0	0	0	0	0	0	0	0	0	0	0	0	1	0	0	0	1	A	119		B	30		3.54
31	32	1	0	0	1	0	0	0	0	0	0	0	0	0	0	0	0	1	0	0	0	1	A	117		B	112		4.31
31	32	0	1	0	1	0	0	0	0	1	0	0	0	0	0	0	0	0	0	0	0	0	A	117		B	116		3.76
31	32	0	1	0	1	0	0	0	0	1	0	0	0	0	0	0	0	1	0	0	0	1	A	117		B	30		2.81
31	32	0	1	0	0	0	0	0	0	1	0	0	0	0	0	0	0	0	0	0	0	0	A	113		B	116		4.22
31	32	0	0	0	1	0	0	0	0	0	0	0	0	0	0	0	0	1	0	0	0	1	A	36		B	131		3.80
31	32	1	0	0	0	0	1	0	0	0	0	0	0	0	0	0	0	0	0	0	0	0	A	31		B	123		3.43
31	32	1	1	1	1	0	1	0	0	0	0	0	0	0	0	0	0	1	0	0	0	1	A	31		B	124		3.59
31	32	1	0	0	1	0	1	0	0	0	0	0	0	0	0	0	0	0	0	0	0	0	A	31		B	122		2.92
31	32	1	1	0	1	0	0	0	0	1	0	0	0	0	0	1	0	1	0	1	0	1	A	31		B	127		2.81
31	32	0	1	0	1	0	0	0	0	1	0	0	0	0	0	0	0	1	0	0	0	1	A	106		B	112		4.40
31	32	1	1	1	1	0	0	0	0	0	0	0	1	0	0	0	0	1	0	0	0	1	A	111		B	115		3.53
31	32	1	0	1	0	0	0	0	0	0	0	0	1	0	0	0	0	0	0	0	0	0	A	111		B	119		3.37
31	32	0	0	1	0	0	0	0	0	0	0	0	0	0	0	0	0	0	0	0	0	0	A	111		B	116		4.56
31	32	1	0	1	0	0	0	0	0	0	0	0	1	0	0	0	0	0	0	0	0	0	A	111		B	120		4.18
31	32	0	0	0	1	0	0	0	0	0	0	0	0	0	0	1	0	1	0	1	0	1	A	122		B	112		3.84
31	32	0	1	0	1	0	0	0	0	0	0	0	0	0	0	0	0	1	0	0	0	1	A	122		B	34		3.93
31	32	1	0	0	1	0	0	0	0	0	0	0	0	0	0	0	0	1	0	0	0	1	A	122		B	109		4.41
31	32	0	1	0	1	0	0	0	0	0	0	0	0	0	0	1	0	0	0	1	0	0	A	122		B	30		3.06
31	32	1	1	1	1	0	0	0	0	1	0	0	0	0	0	0	0	0	0	0	0	0	A	114		B	116		2.66
31	32	0	1	0	0	0	0	0	0	1	0	0	0	0	0	0	0	0	0	0	0	0	A	115		B	116		4.73
31	32	0	1	0	1	0	0	0	0	0	0	0	0	0	0	1	0	1	0	1	0	1	A	104		B	127		4.07
31	32	1	0	0	1	0	0	0	0	0	0	0	0	0	0	0	0	1	0	0	0	1	A	34		B	125		4.05
31	32	1	0	0	1	0	0	0	0	0	0	0	0	0	0	0	0	1	0	0	0	1	A	34		B	124		3.60
31	32	0	1	1	1	0	0	0	0	0	0	0	0	0	0	0	0	0	0	0	0	0	A	34		B	128		3.69
31	32	0	1	0	1	0	0	0	0	0	0	0	0	0	0	0	0	1	0	0	0	1	A	120		B	51		4.45
31	32	0	1	0	0	0	0	0	0	0	0	0	0	0	0	0	0	0	0	0	0	0	A	120		B	33		4.61
31	32	1	1	0	1	0	0	0	0	1	0	0	0	0	0	0	0	1	0	0	0	1	A	107		B	112		4.06
31	32	0	1	0	1	0	0	0	0	0	0	0	0	0	0	0	0	1	0	0	0	1	A	107		B	115		3.92
31	32	0	0	0	1	0	0	0	0	0	0	0	0	0	0	0	0	0	0	0	0	0	A	107		B	122		4.44
31	32	1	0	0	1	0	0	0	0	0	0	0	0	0	0	0	0	1	0	0	0	1	A	107		B	111		3.85
31	32	0	0	0	1	0	0	0	0	0	0	0	0	0	0	0	0	1	0	0	0	1	A	107		B	127		3.68
31	32	1	0	0	0	0	1	0	0	0	0	0	0	0	0	0	0	0	0	0	0	0	A	35		B	124		4.72
31	32	0	1	0	1	0	0	0	0	0	0	0	0	0	0	1	0	1	0	1	0	1	A	35		B	131		3.78
31	32	1	0	0	1	0	1	0	0	0	0	0	0	0	0	1	0	1	0	1	0	1	A	35		B	127		3.64
31	32	1	1	1	1	0	1	0	0	0	0	0	0	0	0	0	0	1	0	0	0	1	A	35		B	128		3.53
32	31	0	1	0	1	0	0	0	0	0	0	0	0	0	0	0	0	0	0	0	0	0	B	112		A	110		3.83
32	31	1	1	1	1	0	0	0	0	0	0	0	0	0	0	0	0	1	0	0	0	1	B	115		A	110		3.81
32	31	1	1	1	1	0	1	0	0	0	0	0	1	0	0	0	0	0	0	0	0	0	B	116		A	110		3.41
32	31	0	1	0	1	0	0	0	0	0	0	0	0	0	0	0	0	1	0	0	0	1	B	33		A	123		4.19
32	31	1	1	1	1	0	0	0	0	0	0	0	0	0	0	0	0	1	0	0	0	1	B	34		A	123		3.97
32	31	1	1	0	1	0	1	0	0	1	0	0	0	0	0	1	0	1	0	1	0	1	B	112		A	103		4.22
32	31	0	0	0	1	0	0	0	0	0	0	0	0	0	0	1	0	1	0	1	0	1	B	131		A	103		2.88
32	31	0	0	0	1	0	0	0	0	0	0	0	0	0	0	0	0	1	0	0	0	1	B	111		A	103		4.06
32	31	0	1	0	1	0	0	0	0	1	0	0	0	0	0	1	0	1	0	1	0	1	B	108		A	103		3.52
32	31	0	0	0	1	0	0	0	0	0	0	0	0	0	0	1	0	0	0	1	0	0	B	127		A	103		4.23
32	31	1	0	0	0	0	1	0	0	0	0	0	0	0	0	0	0	0	0	0	0	0	B	30		A	118		3.39
32	31	1	0	0	1	0	0	0	0	0	0	0	0	0	0	0	0	1	0	0	0	1	B	124		A	30		4.36
32	31	0	0	0	1	0	0	0	0	0	0	0	0	0	0	1	0	1	0	1	0	1	B	35		A	126		3.27
32	31	0	0	0	1	0	0	0	0	0	0	0	0	0	0	0	0	1	0	0	0	1	B	34		A	126		4.00
32	31	0	0	0	1	0	0	0	0	0	0	0	0	0	0	0	0	0	0	0	0	0	B	124		A	27		4.86
32	31	0	0	0	1	0	0	0	0	0	0	0	0	0	0	0	0	0	0	0	0	0	B	51		A	119		4.90
32	31	0	0	0	1	0	0	0	0	0	0	0	0	0	0	0	0	1	0	0	0	1	B	55		A	119		3.86
32	31	1	0	0	1	0	0	0	0	0	0	0	0	0	0	0	0	0	0	0	0	0	B	33		A	119		3.81
32	31	1	0	0	0	0	0	0	0	0	0	0	0	0	0	0	0	0	0	0	0	0	B	34		A	119		4.41
32	31	1	0	0	1	0	0	0	0	0	0	0	0	0	0	0	0	1	0	0	0	1	B	30		A	119		3.54
32	31	0	1	0	1	0	0	0	0	0	0	0	0	0	0	0	0	1	0	0	0	1	B	112		A	117		4.31
32	31	1	0	0	1	0	1	0	0	0	0	0	0	0	0	0	0	0	0	0	0	0	B	116		A	117		3.76
32	31	1	0	0	1	0	1	0	0	0	0	0	0	0	0	0	0	1	0	0	0	1	B	30		A	117		2.81
32	31	1	0	0	0	0	1	0	0	0	0	0	0	0	0	0	0	0	0	0	0	0	B	116		A	113		4.22
32	31	0	0	0	1	0	0	0	0	0	0	0	0	0	0	0	0	1	0	0	0	1	B	131		A	36		3.80
32	31	0	1	0	0	0	0	0	0	1	0	0	0	0	0	0	0	0	0	0	0	0	B	123		A	31		3.43
32	31	1	1	1	1	0	0	0	0	1	0	0	0	0	0	0	0	1	0	0	0	1	B	124		A	31		3.59
32	31	0	1	0	1	0	0	0	0	1	0	0	0	0	0	0	0	0	0	0	0	0	B	122		A	31		2.92
32	31	1	1	0	1	0	1	0	0	0	0	0	0	0	0	1	0	1	0	1	0	1	B	127		A	31		2.81
32	31	1	0	0	1	0	1	0	0	0	0	0	0	0	0	0	0	1	0	0	0	1	B	112		A	106		4.40
32	31	1	1	1	1	0	0	0	0	0	0	0	1	0	0	0	0	1	0	0	0	1	B	115		A	111		3.53
32	31	0	1	1	0	0	0	0	0	0	0	0	1	0	0	0	0	0	0	0	0	0	B	119		A	111		3.37
32	31	0	0	1	0	0	0	0	0	0	0	0	0	0	0	0	0	0	0	0	0	0	B	116		A	111		4.56
32	31	0	1	1	0	0	0	0	0	0	0	0	1	0	0	0	0	0	0	0	0	0	B	120		A	111		4.18
32	31	0	0	0	1	0	0	0	0	0	0	0	0	0	0	1	0	1	0	1	0	1	B	112		A	122		3.84
32	31	1	0	0	1	0	0	0	0	0	0	0	0	0	0	0	0	1	0	0	0	1	B	34		A	122		3.93
32	31	0	1	0	1	0	0	0	0	0	0	0	0	0	0	0	0	1	0	0	0	1	B	109		A	122		4.41
32	31	1	0	0	1	0	0	0	0	0	0	0	0	0	0	1	0	0	0	1	0	0	B	30		A	122		3.06
32	31	1	1	1	1	0	1	0	0	0	0	0	0	0	0	0	0	0	0	0	0	0	B	116		A	114		2.66
32	31	1	0	0	0	0	1	0	0	0	0	0	0	0	0	0	0	0	0	0	0	0	B	116		A	115		4.73
32	31	1	0	0	1	0	0	0	0	0	0	0	0	0	0	1	0	1	0	1	0	1	B	127		A	104		4.07
32	31	0	1	0	1	0	0	0	0	0	0	0	0	0	0	0	0	1	0	0	0	1	B	125		A	34		4.05
32	31	0	1	0	1	0	0	0	0	0	0	0	0	0	0	0	0	1	0	0	0	1	B	124		A	34		3.60
32	31	1	0	1	1	0	0	0	0	0	0	0	0	0	0	0	0	0	0	0	0	0	B	128		A	34		3.69
32	31	1	0	0	1	0	0	0	0	0	0	0	0	0	0	0	0	1	0	0	0	1	B	51		A	120		4.45
32	31	1	0	0	0	0	0	0	0	0	0	0	0	0	0	0	0	0	0	0	0	0	B	33		A	120		4.61
32	31	1	1	0	1	0	1	0	0	0	0	0	0	0	0	0	0	1	0	0	0	1	B	112		A	107		4.06
32	31	1	0	0	1	0	0	0	0	0	0	0	0	0	0	0	0	1	0	0	0	1	B	115		A	107		3.92
32	31	0	0	0	1	0	0	0	0	0	0	0	0	0	0	0	0	0	0	0	0	0	B	122		A	107		4.44
32	31	0	1	0	1	0	0	0	0	0	0	0	0	0	0	0	0	1	0	0	0	1	B	111		A	107		3.85
32	31	0	0	0	1	0	0	0	0	0	0	0	0	0	0	0	0	1	0	0	0	1	B	127		A	107		3.68
32	31	0	1	0	0	0	0	0	0	1	0	0	0	0	0	0	0	0	0	0	0	0	B	124		A	35		4.72
32	31	1	0	0	1	0	0	0	0	0	0	0	0	0	0	1	0	1	0	1	0	1	B	131		A	35		3.78
32	31	0	1	0	1	0	0	0	0	1	0	0	0	0	0	1	0	1	0	1	0	1	B	127		A	35		3.64
32	31	1	1	1	1	0	0	0	0	1	0	0	0	0	0	0	0	1	0	0	0	1	B	128		A	35		3.53
