32	33	1	0	0	1	0	0	0	0	0	0	0	0	0	0	0	0	0	0	0	0	0	B	40		C	42		3.52
32	33	1	0	0	0	0	1	0	0	0	0	0	0	0	0	0	0	0	0	0	0	0	B	40		C	91		2.75
32	33	1	0	0	0	0	1	0	0	0	0	0	0	0	0	0	0	0	0	0	0	0	B	40		C	41		4.90
32	33	1	1	0	1	0	1	0	0	1	0	0	0	0	0	0	0	0	0	0	0	0	B	40		C	92		3.37
32	33	1	0	0	0	0	0	0	0	0	0	0	0	0	0	0	0	0	0	0	0	0	B	40		C	93		4.81
32	33	1	0	0	1	0	0	0	0	0	0	0	0	0	0	0	0	0	0	0	0	0	B	100		C	38		3.78
32	33	0	0	0	1	0	0	0	0	0	0	0	0	0	0	0	0	0	0	0	0	0	B	100		C	41		4.86
32	33	1	0	0	1	0	0	0	0	0	0	0	0	0	0	0	0	0	0	0	0	0	B	36		C	141		3.85
32	33	1	0	0	0	0	0	0	0	0	0	0	0	0	0	0	0	0	0	0	0	0	B	36		C	140		3.62
32	33	0	1	0	0	0	0	0	0	1	0	0	0	0	0	0	0	0	0	0	0	0	B	36		C	92		4.04
32	33	0	0	0	1	0	0	0	0	0	0	0	0	0	1	0	0	1	1	0	0	1	B	43		C	92		4.42
32	33	0	1	0	0	0	0	0	0	1	0	0	0	0	0	0	0	0	0	0	0	0	B	98		C	41		4.15
32	33	0	1	0	1	0	0	0	0	0	0	0	0	0	0	0	0	1	0	0	0	1	B	101		C	94		3.32
32	33	0	0	0	1	0	0	0	0	0	0	0	0	0	0	0	0	1	0	0	0	1	B	101		C	96		3.84
32	33	0	1	0	1	0	0	0	0	0	0	0	0	0	0	1	0	1	0	1	0	1	B	35		C	141		3.61
32	33	0	1	0	1	0	0	0	0	1	0	0	0	0	0	0	0	0	0	0	0	0	B	146		C	40		2.62
32	33	1	1	1	1	0	0	0	0	0	0	0	0	0	0	0	0	0	0	0	0	0	B	146		C	37		3.72
32	33	0	0	0	1	0	0	0	0	0	0	0	0	0	0	0	0	0	0	0	0	0	B	145		C	38		4.86
32	33	0	0	0	1	0	0	0	0	0	0	0	0	0	0	0	0	0	0	0	0	0	B	145		C	41		3.89
32	33	1	0	0	1	0	0	0	0	0	0	0	0	0	0	0	0	1	0	0	0	1	B	97		C	44		3.69
32	33	1	1	1	1	0	1	0	0	1	0	0	0	0	0	0	0	0	0	0	0	0	B	97		C	41		3.39
32	33	0	1	0	1	0	0	0	0	1	0	0	0	0	0	0	0	1	0	0	0	1	B	34		C	141		2.96
32	33	1	0	0	1	0	0	0	0	0	0	0	0	0	0	1	0	0	0	1	0	0	B	37		C	94		3.11
32	33	0	0	0	1	0	0	0	0	0	0	0	0	0	0	0	0	0	0	0	0	0	B	37		C	141		4.00
32	33	1	0	0	1	0	0	0	0	0	0	0	0	0	0	0	0	1	0	0	0	1	B	37		C	95		3.69
32	33	1	0	1	1	0	0	0	0	0	0	0	1	0	0	0	0	0	0	0	0	0	B	37		C	140		3.72
32	33	1	1	1	1	0	0	0	0	1	0	0	0	0	0	0	0	0	0	0	0	0	B	37		C	92		3.62
32	33	1	0	0	0	0	0	0	0	0	0	0	0	0	0	0	0	0	0	0	0	0	B	37		C	93		4.77
32	33	0	0	0	1	0	0	0	0	0	0	0	0	0	0	0	0	1	0	0	0	1	B	105		C	94		3.73
32	33	1	0	0	1	0	1	0	0	0	0	0	0	0	0	0	0	0	0	0	0	0	B	99		C	94		3.49
32	33	0	1	0	1	0	0	0	0	0	0	0	0	0	0	1	0	1	0	1	0	1	B	99		C	42		2.36
32	33	1	0	1	1	0	0	0	0	0	0	0	0	0	0	1	0	1	0	1	0	1	B	99		C	38		4.39
32	33	0	0	0	1	0	0	0	0	0	0	0	0	0	0	0	0	1	0	0	0	1	B	99		C	96		4.83
32	33	0	1	0	1	0	0	0	0	1	0	0	0	0	0	1	0	1	0	1	0	1	B	99		C	41		3.52
32	33	0	0	0	1	0	0	0	0	0	0	0	0	0	0	1	0	1	0	1	0	1	B	99		C	97		2.87
32	33	0	1	0	1	0	0	0	0	1	0	0	0	0	0	1	0	1	0	1	0	1	B	39		C	92		4.16
33	32	0	1	0	1	0	0	0	0	0	0	0	0	0	0	0	0	0	0	0	0	0	C	42		B	40		3.52
33	32	0	1	0	0	0	0	0	0	1	0	0	0	0	0	0	0	0	0	0	0	0	C	91		B	40		2.75
33	32	0	1	0	0	0	0	0	0	1	0	0	0	0	0	0	0	0	0	0	0	0	C	41		B	40		4.90
33	32	1	1	0	1	0	1	0	0	1	0	0	0	0	0	0	0	0	0	0	0	0	C	92		B	40		3.37
33	32	0	1	0	0	0	0	0	0	0	0	0	0	0	0	0	0	0	0	0	0	0	C	93		B	40		4.81
33	32	0	1	0	1	0	0	0	0	0	0	0	0	0	0	0	0	0	0	0	0	0	C	38		B	100		3.78
33	32	0	0	0	1	0	0	0	0	0	0	0	0	0	0	0	0	0	0	0	0	0	C	41		B	100		4.86
33	32	0	1	0	1	0	0	0	0	0	0	0	0	0	0	0	0	0	0	0	0	0	C	141		B	36		3.85
33	32	0	1	0	0	0	0	0	0	0	0	0	0	0	0	0	0	0	0	0	0	0	C	140		B	36		3.62
33	32	1	0	0	0	0	1	0	0	0	0	0	0	0	0	0	0	0	0	0	0	0	C	92		B	36		4.04
33	32	0	0	0	1	0	0	0	0	0	0	0	0	0	1	0	0	1	1	0	0	1	C	92		B	43		4.42
33	32	1	0	0	0	0	1	0	0	0	0	0	0	0	0	0	0	0	0	0	0	0	C	41		B	98		4.15
33	32	1	0	0	1	0	0	0	0	0	0	0	0	0	0	0	0	1	0	0	0	1	C	94		B	101		3.32
33	32	0	0	0	1	0	0	0	0	0	0	0	0	0	0	0	0	1	0	0	0	1	C	96		B	101		3.84
33	32	1	0	0	1	0	0	0	0	0	0	0	0	0	0	1	0	1	0	1	0	1	C	141		B	35		3.61
33	32	1	0	0	1	0	1	0	0	0	0	0	0	0	0	0	0	0	0	0	0	0	C	40		B	146		2.62
33	32	1	1	1	1	0	0	0	0	0	0	0	0	0	0	0	0	0	0	0	0	0	C	37		B	146		3.72
33	32	0	0	0	1	0	0	0	0	0	0	0	0	0	0	0	0	0	0	0	0	0	C	38		B	145		4.86
33	32	0	0	0	1	0	0	0	0	0	0	0	0	0	0	0	0	0	0	0	0	0	C	41		B	145		3.89
33	32	0	1	0	1	0	0	0	0	0	0	0	0	0	0	0	0	1	0	0	0	1	C	44		B	97		3.69
33	32	1	1	1	1	0	1	0	0	1	0	0	0	0	0	0	0	0	0	0	0	0	C	41		B	97		3.39
33	32	1	0	0	1	0	1	0	0	0	0	0	0	0	0	0	0	1	0	0	0	1	C	141		B	34		2.96
33	32	0	1	0	1	0	0	0	0	0	0	0	0	0	0	1	0	0	0	1	0	0	C	94		B	37		3.11
33	32	0	0	0	1	0	0	0	0	0	0	0	0	0	0	0	0	0	0	0	0	0	C	141		B	37		4.00
33	32	0	1	0	1	0	0	0	0	0	0	0	0	0	0	0	0	1	0	0	0	1	C	95		B	37		3.69
33	32	0	1	1	1	0	0	0	0	0	0	0	1	0	0	0	0	0	0	0	0	0	C	140		B	37		3.72
33	32	1	1	1	1	0	1	0	0	0	0	0	0	0	0	0	0	0	0	0	0	0	C	92		B	37		3.62
33	32	0	1	0	0	0	0	0	0	0	0	0	0	0	0	0	0	0	0	0	0	0	C	93		B	37		4.77
33	32	0	0	0	1	0	0	0	0	0	0	0	0	0	0	0	0	1	0	0	0	1	C	94		B	105		3.73
33	32	0	1	0	1	0	0	0	0	1	0	0	0	0	0	0	0	0	0	0	0	0	C	94		B	99		3.49
33	32	1	0	0	1	0	0	0	0	0	0	0	0	0	0	1	0	1	0	1	0	1	C	42		B	99		2.36
33	32	0	1	1	1	0	0	0	0	0	0	0	0	0	0	1	0	1	0	1	0	1	C	38		B	99		4.39
33	32	0	0	0	1	0	0	0	0	0	0	0	0	0	0	0	0	1	0	0	0	1	C	96		B	99		4.83
33	32	1	0	0	1	0	1	0	0	0	0	0	0	0	0	1	0	1	0	1	0	1	C	41		B	99		3.52
33	32	0	0	0	1	0	0	0	0	0	0	0	0	0	0	1	0	1	0	1	0	1	C	97		B	99		2.87
33	32	1	0	0	1	0	1	0	0	0	0	0	0	0	0	1	0	1	0	1	0	1	C	92		B	39		4.16
