31	34	0	1	0	1	0	0	0	0	0	0	0	0	0	0	0	0	1	0	0	0	1	A	44		D	97		3.86
31	34	0	1	0	1	0	0	0	0	0	0	0	0	0	0	0	0	1	0	0	0	1	A	95		D	37		3.88
31	34	1	0	0	1	0	1	0	0	0	0	0	0	0	0	0	0	0	0	0	0	0	A	40		D	146		2.58
31	34	0	1	0	0	0	0	0	0	1	0	0	0	0	0	0	0	0	0	0	0	0	A	91		D	40		2.94
31	34	0	1	0	0	0	0	0	0	0	0	0	0	0	0	0	0	0	0	0	0	0	A	93		D	37		4.93
31	34	0	1	0	0	0	0	0	0	0	0	0	0	0	0	0	0	0	0	0	0	0	A	93		D	40		4.66
31	34	0	0	0	1	0	0	0	0	0	0	0	0	0	0	0	0	1	0	0	0	1	A	96		D	101		3.86
31	34	0	0	0	1	0	0	0	0	0	0	0	0	0	0	0	0	0	0	0	0	0	A	38		D	145		4.44
31	34	0	1	0	1	0	0	0	0	0	0	0	0	0	0	1	0	1	0	1	0	1	A	38		D	99		4.36
31	34	0	1	0	1	0	0	0	0	0	0	0	0	0	0	0	0	1	0	0	0	1	A	38		D	100		3.67
31	34	0	0	0	1	0	0	0	0	0	0	0	0	0	0	0	0	0	0	0	0	0	A	141		D	37		4.00
31	34	1	0	0	1	0	0	0	0	0	0	0	0	0	0	1	0	1	0	1	0	1	A	141		D	35		3.59
31	34	0	1	0	1	0	0	0	0	0	0	0	0	0	0	0	0	0	0	0	0	0	A	141		D	36		3.77
31	34	1	0	0	1	0	1	0	0	0	0	0	0	0	0	0	0	1	0	0	0	1	A	141		D	34		2.84
31	34	0	1	0	1	0	0	0	0	0	0	0	0	0	0	0	0	0	0	0	0	0	A	140		D	37		3.51
31	34	0	1	0	0	0	0	0	0	0	0	0	0	0	0	0	0	0	0	0	0	0	A	140		D	36		3.69
31	34	1	1	1	1	0	1	0	0	0	0	0	0	0	0	0	0	0	0	0	0	0	A	92		D	37		3.62
31	34	1	1	0	1	0	1	0	0	1	0	0	0	0	0	0	0	0	0	0	0	0	A	92		D	40		3.23
31	34	0	0	0	1	0	0	0	0	0	0	0	0	0	1	0	0	1	1	0	0	1	A	92		D	43		3.35
31	34	1	0	0	1	0	1	0	0	0	0	0	0	0	0	1	0	1	0	1	0	1	A	92		D	39		4.05
31	34	1	0	0	0	0	1	0	0	0	0	0	0	0	0	0	0	0	0	0	0	0	A	92		D	36		4.52
31	34	1	1	1	1	0	0	0	0	0	0	0	0	0	0	0	0	0	0	0	0	0	A	37		D	146		3.75
31	34	0	1	0	0	0	0	0	0	1	0	0	0	0	0	0	0	0	0	0	0	0	A	41		D	40		4.88
31	34	0	0	0	1	0	0	0	0	0	0	0	0	0	0	0	0	0	0	0	0	0	A	41		D	145		4.00
31	34	1	0	0	1	0	1	0	0	0	0	0	0	0	0	1	0	1	0	1	0	1	A	41		D	99		3.77
31	34	1	0	0	0	0	1	0	0	0	0	0	0	0	0	0	0	0	0	0	0	0	A	41		D	98		4.13
31	34	0	0	0	1	0	0	0	0	0	0	0	0	0	0	0	0	0	0	0	0	0	A	41		D	100		4.98
31	34	1	1	1	1	0	1	0	0	0	0	0	0	0	0	0	0	0	0	0	0	0	A	41		D	97		3.51
31	34	0	0	0	1	0	0	0	0	0	0	0	0	0	0	1	0	1	0	1	0	1	A	97		D	99		2.87
31	34	0	1	0	1	0	0	0	0	0	0	0	0	0	0	1	0	0	0	1	0	0	A	94		D	37		3.03
31	34	0	1	0	1	0	0	0	0	1	0	0	0	0	0	0	0	0	0	0	0	0	A	94		D	99		3.55
31	34	0	0	0	1	0	0	0	0	0	0	0	0	0	0	0	0	1	0	0	0	1	A	94		D	105		3.52
31	34	0	0	0	1	0	0	0	0	0	0	0	0	0	0	0	0	1	0	0	0	1	A	94		D	101		3.54
31	34	0	0	0	1	0	0	0	0	0	0	0	0	0	0	0	0	1	0	0	0	1	A	94		D	102		4.95
31	34	0	1	0	1	0	0	0	0	0	0	0	0	0	0	0	0	0	0	0	0	0	A	42		D	40		3.63
31	34	1	0	0	1	0	0	0	0	0	0	0	0	0	0	1	0	1	0	1	0	1	A	42		D	99		2.38
34	31	1	0	0	1	0	0	0	0	0	0	0	0	0	0	0	0	1	0	0	0	1	D	97		A	44		3.86
34	31	1	0	0	1	0	0	0	0	0	0	0	0	0	0	0	0	1	0	0	0	1	D	37		A	95		3.88
34	31	0	1	0	1	0	0	0	0	1	0	0	0	0	0	0	0	0	0	0	0	0	D	146		A	40		2.58
34	31	1	0	0	0	0	1	0	0	0	0	0	0	0	0	0	0	0	0	0	0	0	D	40		A	91		2.94
34	31	1	0	0	0	0	0	0	0	0	0	0	0	0	0	0	0	0	0	0	0	0	D	37		A	93		4.93
34	31	1	0	0	0	0	0	0	0	0	0	0	0	0	0	0	0	0	0	0	0	0	D	40		A	93		4.66
34	31	0	0	0	1	0	0	0	0	0	0	0	0	0	0	0	0	1	0	0	0	1	D	101		A	96		3.86
34	31	0	0	0	1	0	0	0	0	0	0	0	0	0	0	0	0	0	0	0	0	0	D	145		A	38		4.44
34	31	1	0	0	1	0	0	0	0	0	0	0	0	0	0	1	0	1	0	1	0	1	D	99		A	38		4.36
34	31	1	0	0	1	0	0	0	0	0	0	0	0	0	0	0	0	1	0	0	0	1	D	100		A	38		3.67
34	31	0	0	0	1	0	0	0	0	0	0	0	0	0	0	0	0	0	0	0	0	0	D	37		A	141		4.00
34	31	0	1	0	1	0	0	0	0	0	0	0	0	0	0	1	0	1	0	1	0	1	D	35		A	141		3.59
34	31	1	0	0	1	0	0	0	0	0	0	0	0	0	0	0	0	0	0	0	0	0	D	36		A	141		3.77
34	31	0	1	0	1	0	0	0	0	1	0	0	0	0	0	0	0	1	0	0	0	1	D	34		A	141		2.84
34	31	1	0	0	1	0	0	0	0	0	0	0	0	0	0	0	0	0	0	0	0	0	D	37		A	140		3.51
34	31	1	0	0	0	0	0	0	0	0	0	0	0	0	0	0	0	0	0	0	0	0	D	36		A	140		3.69
34	31	1	1	1	1	0	0	0	0	1	0	0	0	0	0	0	0	0	0	0	0	0	D	37		A	92		3.62
34	31	1	1	0	1	0	1	0	0	1	0	0	0	0	0	0	0	0	0	0	0	0	D	40		A	92		3.23
34	31	0	0	0	1	0	0	0	0	0	0	0	0	0	1	0	0	1	1	0	0	1	D	43		A	92		3.35
34	31	0	1	0	1	0	0	0	0	1	0	0	0	0	0	1	0	1	0	1	0	1	D	39		A	92		4.05
34	31	0	1	0	0	0	0	0	0	1	0	0	0	0	0	0	0	0	0	0	0	0	D	36		A	92		4.52
34	31	1	1	1	1	0	0	0	0	0	0	0	0	0	0	0	0	0	0	0	0	0	D	146		A	37		3.75
34	31	1	0	0	0	0	1	0	0	0	0	0	0	0	0	0	0	0	0	0	0	0	D	40		A	41		4.88
34	31	0	0	0	1	0	0	0	0	0	0	0	0	0	0	0	0	0	0	0	0	0	D	145		A	41		4.00
34	31	0	1	0	1	0	0	0	0	1	0	0	0	0	0	1	0	1	0	1	0	1	D	99		A	41		3.77
34	31	0	1	0	0	0	0	0	0	1	0	0	0	0	0	0	0	0	0	0	0	0	D	98		A	41		4.13
34	31	0	0	0	1	0	0	0	0	0	0	0	0	0	0	0	0	0	0	0	0	0	D	100		A	41		4.98
34	31	1	1	1	1	0	0	0	0	1	0	0	0	0	0	0	0	0	0	0	0	0	D	97		A	41		3.51
34	31	0	0	0	1	0	0	0	0	0	0	0	0	0	0	1	0	1	0	1	0	1	D	99		A	97		2.87
34	31	1	0	0	1	0	0	0	0	0	0	0	0	0	0	1	0	0	0	1	0	0	D	37		A	94		3.03
34	31	1	0	0	1	0	1	0	0	0	0	0	0	0	0	0	0	0	0	0	0	0	D	99		A	94		3.55
34	31	0	0	0	1	0	0	0	0	0	0	0	0	0	0	0	0	1	0	0	0	1	D	105		A	94		3.52
34	31	0	0	0	1	0	0	0	0	0	0	0	0	0	0	0	0	1	0	0	0	1	D	101		A	94		3.54
34	31	0	0	0	1	0	0	0	0	0	0	0	0	0	0	0	0	1	0	0	0	1	D	102		A	94		4.95
34	31	1	0	0	1	0	0	0	0	0	0	0	0	0	0	0	0	0	0	0	0	0	D	40		A	42		3.63
34	31	0	1	0	1	0	0	0	0	0	0	0	0	0	0	1	0	1	0	1	0	1	D	99		A	42		2.38
