31	33	0	1	0	0	0	0	0	0	0	0	0	0	0	0	0	0	0	0	0	0	0	A	138		C	1		4.77
31	33	1	1	0	1	0	1	0	0	0	0	0	0	0	0	0	0	0	0	0	0	0	A	127		C	141		2.82
31	33	1	0	1	0	0	0	0	0	0	0	0	1	0	0	0	0	0	0	0	0	0	A	1		C	138		4.46
31	33	0	0	1	0	0	0	0	0	0	0	0	0	0	0	0	0	0	0	0	0	0	A	1		C	141		4.54
31	33	0	1	0	1	0	0	0	0	1	0	0	0	0	1	1	0	1	1	1	0	1	A	126		C	141		2.71
31	33	1	0	0	0	0	1	0	0	0	0	0	0	0	0	0	0	0	0	0	0	0	A	141		C	123		4.68
31	33	1	1	0	1	0	0	0	0	1	0	0	0	0	0	0	0	0	0	0	0	0	A	141		C	127		2.83
31	33	0	1	1	0	0	0	0	0	0	0	0	1	0	0	0	0	0	0	0	0	0	A	141		C	1		4.55
31	33	0	0	0	1	0	0	0	0	0	0	0	0	0	0	0	0	1	0	0	0	1	A	141		C	130		4.53
31	33	1	0	0	1	0	1	0	0	0	0	0	0	0	1	1	0	1	1	1	0	1	A	141		C	126		2.78
31	33	0	1	0	0	0	0	0	0	1	0	0	0	0	0	0	0	0	0	0	0	0	A	123		C	141		4.51
31	33	0	0	0	1	0	0	0	0	0	0	0	0	0	0	0	0	1	0	0	0	1	A	130		C	141		4.20
33	31	1	0	0	0	0	0	0	0	0	0	0	0	0	0	0	0	0	0	0	0	0	C	1		A	138		4.77
33	31	1	1	0	1	0	0	0	0	1	0	0	0	0	0	0	0	0	0	0	0	0	C	141		A	127		2.82
33	31	0	1	1	0	0	0	0	0	0	0	0	1	0	0	0	0	0	0	0	0	0	C	138		A	1		4.46
33	31	0	0	1	0	0	0	0	0	0	0	0	0	0	0	0	0	0	0	0	0	0	C	141		A	1		4.54
33	31	1	0	0	1	0	1	0	0	0	0	0	0	0	1	1	0	1	1	1	0	1	C	141		A	126		2.71
33	31	0	1	0	0	0	0	0	0	1	0	0	0	0	0	0	0	0	0	0	0	0	C	123		A	141		4.68
33	31	1	1	0	1	0	1	0	0	0	0	0	0	0	0	0	0	0	0	0	0	0	C	127		A	141		2.83
33	31	1	0	1	0	0	0	0	0	0	0	0	1	0	0	0	0	0	0	0	0	0	C	1		A	141		4.55
33	31	0	0	0	1	0	0	0	0	0	0	0	0	0	0	0	0	1	0	0	0	1	C	130		A	141		4.53
33	31	0	1	0	1	0	0	0	0	1	0	0	0	0	1	1	0	1	1	1	0	1	C	126		A	141		2.78
33	31	1	0	0	0	0	1	0	0	0	0	0	0	0	0	0	0	0	0	0	0	0	C	141		A	123		4.51
33	31	0	0	0	1	0	0	0	0	0	0	0	0	0	0	0	0	1	0	0	0	1	C	141		A	130		4.20
